Year,Month,UF,Zonas,Zones_Export,Conf,Low,High,Tipo,Tipo Ajustado
2019,5,BA,BA_OESTE NORTE,181192.17576861603,70,141884.668297947,220499.683239285,Prevista,Prevista
2019,5,BA,BA_OESTE NORTE,181192.17576861603,75,137564.319582803,224820.031954428,Prevista,Prevista
2019,5,BA,BA_OESTE NORTE,181192.17576861603,80,132588.37908729198,229795.97244994,Prevista,Prevista
2019,5,BA,BA_OESTE NORTE,181192.17576861603,85,126596.873627865,235787.47790936698,Prevista,Prevista
2019,5,BA,BA_OESTE NORTE,181192.17576861603,90,118809.87808798,243574.473449251,Prevista,Prevista
2019,5,BA,BA_OESTE NORTE,181192.17576861603,95,106859.083313752,255525.26822348,Prevista,Prevista
2019,5,BA,BA_OESTE SUL,0.0,70,0.0,0.0,Prevista,Prevista
2019,5,BA,BA_OESTE SUL,0.0,75,0.0,0.0,Prevista,Prevista
2019,5,BA,BA_OESTE SUL,0.0,80,0.0,0.0,Prevista,Prevista
2019,5,BA,BA_OESTE SUL,0.0,85,0.0,0.0,Prevista,Prevista
2019,5,BA,BA_OESTE SUL,0.0,90,0.0,0.0,Prevista,Prevista
2019,5,BA,BA_OESTE SUL,0.0,95,0.0,0.0,Prevista,Prevista
2019,5,BA,BA_OUTROS,0.0,70,0.0,0.0,Prevista,Prevista
2019,5,BA,BA_OUTROS,0.0,75,0.0,0.0,Prevista,Prevista
2019,5,BA,BA_OUTROS,0.0,80,0.0,0.0,Prevista,Prevista
2019,5,BA,BA_OUTROS,0.0,85,0.0,0.0,Prevista,Prevista
2019,5,BA,BA_OUTROS,0.0,90,0.0,0.0,Prevista,Prevista
2019,5,BA,BA_OUTROS,0.0,95,0.0,0.0,Prevista,Prevista
2019,5,GO,GO_LESTE,85277.32953811779,70,67828.3363815828,102726.32269465279,Prevista,Prevista
2019,5,GO,GO_LESTE,85277.32953811779,75,65910.49065654843,104644.16841968715,Prevista,Prevista
2019,5,GO,GO_LESTE,85277.32953811779,80,63701.62122573312,106853.03785050247,Prevista,Prevista
2019,5,GO,GO_LESTE,85277.32953811779,85,61041.93241598343,109512.72666025217,Prevista,Prevista
2019,5,GO,GO_LESTE,85277.32953811779,90,57585.2077181175,112969.4513581181,Prevista,Prevista
2019,5,GO,GO_LESTE,85277.32953811779,95,52280.1311653428,118274.52791089281,Prevista,Prevista
2019,5,GO,GO_NOROESTE,0.0,70,0.0,0.0,Prevista,Prevista
2019,5,GO,GO_NOROESTE,0.0,75,0.0,0.0,Prevista,Prevista
2019,5,GO,GO_NOROESTE,0.0,80,0.0,0.0,Prevista,Prevista
2019,5,GO,GO_NOROESTE,0.0,85,0.0,0.0,Prevista,Prevista
2019,5,GO,GO_NOROESTE,0.0,90,0.0,0.0,Prevista,Prevista
2019,5,GO,GO_NOROESTE,0.0,95,0.0,0.0,Prevista,Prevista
2019,5,GO,GO_SUDOESTE,187610.1249838592,70,149222.3400394822,225997.9099282362,Prevista,Prevista
2019,5,GO,GO_SUDOESTE,187610.1249838592,75,145003.07944440655,230217.1705233118,Prevista,Prevista
2019,5,GO,GO_SUDOESTE,187610.1249838592,80,140143.5666966129,235076.6832711055,Prevista,Prevista
2019,5,GO,GO_SUDOESTE,187610.1249838592,85,134292.25131516356,240927.99865255482,Prevista,Prevista
2019,5,GO,GO_SUDOESTE,187610.1249838592,90,126687.45697985851,248532.79298785984,Prevista,Prevista
2019,5,GO,GO_SUDOESTE,187610.1249838592,95,115016.28856375418,260203.96140396423,Prevista,Prevista
2019,5,MG,MG_NOROESTE,0.0,70,0.0,0.0,Prevista,Prevista
2019,5,MG,MG_NOROESTE,0.0,75,0.0,0.0,Prevista,Prevista
2019,5,MG,MG_NOROESTE,0.0,80,0.0,0.0,Prevista,Prevista
2019,5,MG,MG_NOROESTE,0.0,85,0.0,0.0,Prevista,Prevista
2019,5,MG,MG_NOROESTE,0.0,90,0.0,0.0,Prevista,Prevista
2019,5,MG,MG_NOROESTE,0.0,95,0.0,0.0,Prevista,Prevista
2019,5,MG,MG_OUTROS,0.0,70,0.0,0.0,Prevista,Prevista
2019,5,MG,MG_OUTROS,0.0,75,0.0,0.0,Prevista,Prevista
2019,5,MG,MG_OUTROS,0.0,80,0.0,0.0,Prevista,Prevista
2019,5,MG,MG_OUTROS,0.0,85,0.0,0.0,Prevista,Prevista
2019,5,MG,MG_OUTROS,0.0,90,0.0,0.0,Prevista,Prevista
2019,5,MG,MG_OUTROS,0.0,95,0.0,0.0,Prevista,Prevista
2019,5,MG,MG_SUL,0.0,70,0.0,0.0,Prevista,Prevista
2019,5,MG,MG_SUL,0.0,75,0.0,0.0,Prevista,Prevista
2019,5,MG,MG_SUL,0.0,80,0.0,0.0,Prevista,Prevista
2019,5,MG,MG_SUL,0.0,85,0.0,0.0,Prevista,Prevista
2019,5,MG,MG_SUL,0.0,90,0.0,0.0,Prevista,Prevista
2019,5,MG,MG_SUL,0.0,95,0.0,0.0,Prevista,Prevista
2019,5,MG,MG_TRIÂNGULO,18224.7258757647,70,6114.1611322012795,30335.2906193281,Prevista,Prevista
2019,5,MG,MG_TRIÂNGULO,18224.7258757647,75,4783.0703000349295,31666.3814514944,Prevista,Prevista
2019,5,MG,MG_TRIÂNGULO,18224.7258757647,80,3249.99294640268,33199.4588051267,Prevista,Prevista
2019,5,MG,MG_TRIÂNGULO,18224.7258757647,85,1404.0220505897303,35045.4297009396,Prevista,Prevista
2019,5,MG,MG_TRIÂNGULO,18224.7258757647,90,0.0,37444.5875135784,Prevista,Prevista
2019,5,MG,MG_TRIÂNGULO,18224.7258757647,95,0.0,41126.6035752259,Prevista,Prevista
2019,5,MS,MS_NORTE,7725.941188580233,70,5001.173146854516,10450.709230305947,Prevista,Prevista
2019,5,MS,MS_NORTE,7725.941188580233,75,4701.68969278614,10750.192684374322,Prevista,Prevista
2019,5,MS,MS_NORTE,7725.941188580233,80,4356.761089775232,11095.121287385231,Prevista,Prevista
2019,5,MS,MS_NORTE,7725.941188580233,85,3941.4342566033756,11510.4481205571,Prevista,Prevista
2019,5,MS,MS_NORTE,7725.941188580233,90,3401.645347220844,12050.23702993956,Prevista,Prevista
2019,5,MS,MS_NORTE,7725.941188580233,95,2573.2248807657,12878.657496394799,Prevista,Prevista
2019,5,MS,MS_SUL,56656.902049588374,70,36675.26974359978,76638.53435557695,Prevista,Prevista
2019,5,MS,MS_SUL,56656.902049588374,75,34479.05774709836,78834.74635207836,Prevista,Prevista
2019,5,MS,MS_SUL,56656.902049588374,80,31949.58132501837,81364.22277415836,Prevista,Prevista
2019,5,MS,MS_SUL,56656.902049588374,85,28903.85121509142,84409.9528840854,Prevista,Prevista
2019,5,MS,MS_SUL,56656.902049588374,90,24945.399212952856,88368.40488622345,Prevista,Prevista
2019,5,MS,MS_SUL,56656.902049588374,95,18870.3157922818,94443.4883068952,Prevista,Prevista
2019,5,MT,MT_MÉDIO NORTE,259774.23736141773,70,222969.76821189537,296578.70651093975,Prevista,Prevista
2019,5,MT,MT_MÉDIO NORTE,259774.23736141773,75,218924.53229556762,300623.94242726755,Prevista,Prevista
2019,5,MT,MT_MÉDIO NORTE,259774.23736141773,80,214265.4516201122,305283.02310272335,Prevista,Prevista
2019,5,MT,MT_MÉDIO NORTE,259774.23736141773,85,208655.47551045337,310892.99921238184,Prevista,Prevista
2019,5,MT,MT_MÉDIO NORTE,259774.23736141773,90,201364.34321647635,318184.13150635886,Prevista,Prevista
2019,5,MT,MT_MÉDIO NORTE,259774.23736141773,95,190174.55566994796,329373.9190528872,Prevista,Prevista
2019,5,MT,MT_NORDESTE,0.0,70,0.0,0.0,Prevista,Prevista
2019,5,MT,MT_NORDESTE,0.0,75,0.0,0.0,Prevista,Prevista
2019,5,MT,MT_NORDESTE,0.0,80,0.0,0.0,Prevista,Prevista
2019,5,MT,MT_NORDESTE,0.0,85,0.0,0.0,Prevista,Prevista
2019,5,MT,MT_NORDESTE,0.0,90,0.0,0.0,Prevista,Prevista
2019,5,MT,MT_NORDESTE,0.0,95,0.0,0.0,Prevista,Prevista
2019,5,MT,MT_NORDESTE_SUL,0.0,70,0.0,0.0,Prevista,Prevista
2019,5,MT,MT_NORDESTE_SUL,0.0,75,0.0,0.0,Prevista,Prevista
2019,5,MT,MT_NORDESTE_SUL,0.0,80,0.0,0.0,Prevista,Prevista
2019,5,MT,MT_NORDESTE_SUL,0.0,85,0.0,0.0,Prevista,Prevista
2019,5,MT,MT_NORDESTE_SUL,0.0,90,0.0,0.0,Prevista,Prevista
2019,5,MT,MT_NORDESTE_SUL,0.0,95,0.0,0.0,Prevista,Prevista
2019,5,MT,MT_NORTE,0.0,70,0.0,0.0,Prevista,Prevista
2019,5,MT,MT_NORTE,0.0,75,0.0,0.0,Prevista,Prevista
2019,5,MT,MT_NORTE,0.0,80,0.0,0.0,Prevista,Prevista
2019,5,MT,MT_NORTE,0.0,85,0.0,0.0,Prevista,Prevista
2019,5,MT,MT_NORTE,0.0,90,0.0,0.0,Prevista,Prevista
2019,5,MT,MT_NORTE,0.0,95,0.0,0.0,Prevista,Prevista
2019,5,MT,MT_OESTE,0.0,70,0.0,0.0,Prevista,Prevista
2019,5,MT,MT_OESTE,0.0,75,0.0,0.0,Prevista,Prevista
2019,5,MT,MT_OESTE,0.0,80,0.0,0.0,Prevista,Prevista
2019,5,MT,MT_OESTE,0.0,85,0.0,0.0,Prevista,Prevista
2019,5,MT,MT_OESTE,0.0,90,0.0,0.0,Prevista,Prevista
2019,5,MT,MT_OESTE,0.0,95,0.0,0.0,Prevista,Prevista
2019,5,MT,MT_SUDESTE,456844.3484631831,70,392119.24754505756,521569.4493813081,Prevista,Prevista
2019,5,MT,MT_SUDESTE,456844.3484631831,75,385005.21196806733,528683.4849582984,Prevista,Prevista
2019,5,MT,MT_SUDESTE,456844.3484631831,80,376811.65629743884,536877.0406289275,Prevista,Prevista
2019,5,MT,MT_SUDESTE,456844.3484631831,85,366945.8362425216,546742.8606838441,Prevista,Prevista
2019,5,MT,MT_SUDESTE,456844.3484631831,90,354123.5001393206,559565.1967870451,Prevista,Prevista
2019,5,MT,MT_SUDESTE,456844.3484631831,95,334444.90824715,579243.7886792157,Prevista,Prevista
2019,5,PR,PR,348975.779647901,70,289052.213815402,408899.3454804,Prevista,Prevista
2019,5,PR,PR,348975.779647901,75,282465.922358371,415485.63693743205,Prevista,Prevista
2019,5,PR,PR,348975.779647901,80,274880.193395935,423071.365899867,Prevista,Prevista
2019,5,PR,PR,348975.779647901,85,265746.254488675,432205.30480712705,Prevista,Prevista
2019,5,PR,PR,348975.779647901,90,253875.124267055,444076.43502874795,Prevista,Prevista
2019,5,PR,PR,348975.779647901,95,235656.35936728198,462295.19992852,Prevista,Prevista
2019,5,RS,RS,300100.453187847,70,248365.43526034802,351835.471115347,Prevista,Prevista
2019,5,RS,RS,300100.453187847,75,242679.15972131,357521.746654385,Prevista,Prevista
2019,5,RS,RS,300100.453187847,80,236130.019689128,364070.88668656704,Prevista,Prevista
2019,5,RS,RS,300100.453187847,85,228244.23241077,371956.673964925,Prevista,Prevista
2019,5,RS,RS,300100.453187847,90,217995.290674693,382205.615701002,Prevista,Prevista
2019,5,RS,RS,300100.453187847,95,202266.11775896102,397934.788616734,Prevista,Prevista
2019,5,SC,SC,0.0,70,0.0,14591.5905661118,Prevista,Prevista
2019,5,SC,SC,0.0,75,0.0,16926.3548119852,Prevista,Prevista
2019,5,SC,SC,0.0,80,0.0,19615.4081094175,Prevista,Prevista
2019,5,SC,SC,0.0,85,0.0,22853.283949530298,Prevista,Prevista
2019,5,SC,SC,0.0,90,0.0,27061.4624943711,Prevista,Prevista
2019,5,SC,SC,0.0,95,0.0,33519.8042136025,Prevista,Prevista
2019,5,SP,SP,87461.4223491406,70,67762.09665116911,107160.74804711199,Prevista,Prevista
2019,5,SP,SP,87461.4223491406,75,65596.9134089619,109325.931289319,Prevista,Prevista
2019,5,SP,SP,87461.4223491406,80,63103.1742028331,111819.67049544801,Prevista,Prevista
2019,5,SP,SP,87461.4223491406,85,60100.475098737,114822.369599544,Prevista,Prevista
2019,5,SP,SP,87461.4223491406,90,56197.9493162691,118724.895382012,Prevista,Prevista
2019,5,SP,SP,87461.4223491406,95,50208.6965308358,124714.148167445,Prevista,Prevista
2019,6,BA,BA_OESTE NORTE,140645.14137759802,70,89097.3784547521,192192.904300445,Prevista,Prevista
2019,6,BA,BA_OESTE NORTE,140645.14137759802,75,83431.6844018175,197858.598353379,Prevista,Prevista
2019,6,BA,BA_OESTE NORTE,140645.14137759802,80,76906.24899556031,204384.03375963602,Prevista,Prevista
2019,6,BA,BA_OESTE NORTE,140645.14137759802,85,69049.0043406061,212241.278414591,Prevista,Prevista
2019,6,BA,BA_OESTE NORTE,140645.14137759802,90,58837.158670392804,222453.12408480397,Prevista,Prevista
2019,6,BA,BA_OESTE NORTE,140645.14137759802,95,43164.9175286413,238125.365226555,Prevista,Prevista
2019,6,BA,BA_OESTE SUL,0.0,70,0.0,0.0,Prevista,Prevista
2019,6,BA,BA_OESTE SUL,0.0,75,0.0,0.0,Prevista,Prevista
2019,6,BA,BA_OESTE SUL,0.0,80,0.0,0.0,Prevista,Prevista
2019,6,BA,BA_OESTE SUL,0.0,85,0.0,0.0,Prevista,Prevista
2019,6,BA,BA_OESTE SUL,0.0,90,0.0,0.0,Prevista,Prevista
2019,6,BA,BA_OESTE SUL,0.0,95,0.0,0.0,Prevista,Prevista
2019,6,BA,BA_OUTROS,0.0,70,0.0,0.0,Prevista,Prevista
2019,6,BA,BA_OUTROS,0.0,75,0.0,0.0,Prevista,Prevista
2019,6,BA,BA_OUTROS,0.0,80,0.0,0.0,Prevista,Prevista
2019,6,BA,BA_OUTROS,0.0,85,0.0,0.0,Prevista,Prevista
2019,6,BA,BA_OUTROS,0.0,90,0.0,0.0,Prevista,Prevista
2019,6,BA,BA_OUTROS,0.0,95,0.0,0.0,Prevista,Prevista
2019,6,GO,GO_LESTE,75925.39734376124,70,51248.79936228155,100601.99532524122,Prevista,Prevista
2019,6,GO,GO_LESTE,75925.39734376124,75,48536.55645390187,103314.23823362091,Prevista,Prevista
2019,6,GO,GO_LESTE,75925.39734376124,80,45412.74395372906,106438.05073379373,Prevista,Prevista
2019,6,GO,GO_LESTE,75925.39734376124,85,41651.37669744999,110199.41799007278,Prevista,Prevista
2019,6,GO,GO_LESTE,75925.39734376124,90,36762.830697307494,115087.96399021528,Prevista,Prevista
2019,6,GO,GO_LESTE,75925.39734376124,95,29260.320943340837,122590.47374418187,Prevista,Prevista
2019,6,GO,GO_NOROESTE,0.0,70,0.0,0.0,Prevista,Prevista
2019,6,GO,GO_NOROESTE,0.0,75,0.0,0.0,Prevista,Prevista
2019,6,GO,GO_NOROESTE,0.0,80,0.0,0.0,Prevista,Prevista
2019,6,GO,GO_NOROESTE,0.0,85,0.0,0.0,Prevista,Prevista
2019,6,GO,GO_NOROESTE,0.0,90,0.0,0.0,Prevista,Prevista
2019,6,GO,GO_NOROESTE,0.0,95,0.0,0.0,Prevista,Prevista
2019,6,GO,GO_SUDOESTE,167035.87415627475,70,112747.35859701944,221324.38971553073,Prevista,Prevista
2019,6,GO,GO_SUDOESTE,167035.87415627475,75,106780.42419858412,227291.32411396602,Prevista,Prevista
2019,6,GO,GO_SUDOESTE,167035.87415627475,80,99908.03669820396,234163.71161434625,Prevista,Prevista
2019,6,GO,GO_SUDOESTE,167035.87415627475,85,91633.02873438998,242438.71957816015,Prevista,Prevista
2019,6,GO,GO_SUDOESTE,167035.87415627475,90,80878.2275340765,253193.52077847367,Prevista,Prevista
2019,6,GO,GO_SUDOESTE,167035.87415627475,95,64372.70607534986,269699.04223720013,Prevista,Prevista
2019,6,MG,MG_NOROESTE,0.0,70,0.0,0.0,Prevista,Prevista
2019,6,MG,MG_NOROESTE,0.0,75,0.0,0.0,Prevista,Prevista
2019,6,MG,MG_NOROESTE,0.0,80,0.0,0.0,Prevista,Prevista
2019,6,MG,MG_NOROESTE,0.0,85,0.0,0.0,Prevista,Prevista
2019,6,MG,MG_NOROESTE,0.0,90,0.0,0.0,Prevista,Prevista
2019,6,MG,MG_NOROESTE,0.0,95,0.0,0.0,Prevista,Prevista
2019,6,MG,MG_OUTROS,0.0,70,0.0,0.0,Prevista,Prevista
2019,6,MG,MG_OUTROS,0.0,75,0.0,0.0,Prevista,Prevista
2019,6,MG,MG_OUTROS,0.0,80,0.0,0.0,Prevista,Prevista
2019,6,MG,MG_OUTROS,0.0,85,0.0,0.0,Prevista,Prevista
2019,6,MG,MG_OUTROS,0.0,90,0.0,0.0,Prevista,Prevista
2019,6,MG,MG_OUTROS,0.0,95,0.0,0.0,Prevista,Prevista
2019,6,MG,MG_SUL,0.0,70,0.0,0.0,Prevista,Prevista
2019,6,MG,MG_SUL,0.0,75,0.0,0.0,Prevista,Prevista
2019,6,MG,MG_SUL,0.0,80,0.0,0.0,Prevista,Prevista
2019,6,MG,MG_SUL,0.0,85,0.0,0.0,Prevista,Prevista
2019,6,MG,MG_SUL,0.0,90,0.0,0.0,Prevista,Prevista
2019,6,MG,MG_SUL,0.0,95,0.0,0.0,Prevista,Prevista
2019,6,MG,MG_TRIÂNGULO,19261.0545915788,70,7163.713049601801,31358.3961335559,Prevista,Prevista
2019,6,MG,MG_TRIÂNGULO,19261.0545915788,75,5834.075599897471,32688.0335832602,Prevista,Prevista
2019,6,MG,MG_TRIÂNGULO,19261.0545915788,80,4302.6721724052295,34219.4370107524,Prevista,Prevista
2019,6,MG,MG_TRIÂNGULO,19261.0545915788,85,2458.71684281853,36063.3923403392,Prevista,Prevista
2019,6,MG,MG_TRIÂNGULO,19261.0545915788,90,62.1786063982436,38459.9305767594,Prevista,Prevista
2019,6,MG,MG_TRIÂNGULO,19261.0545915788,95,0.0,42137.9263435935,Prevista,Prevista
2019,6,MS,MS_NORTE,7849.000832075688,70,5087.814760045716,10610.186904105673,Prevista,Prevista
2019,6,MS,MS_NORTE,7849.000832075688,75,4784.328544149972,10913.673120001415,Prevista,Prevista
2019,6,MS,MS_NORTE,7849.000832075688,80,4434.789779787744,11263.211884363644,Prevista,Prevista
2019,6,MS,MS_NORTE,7849.000832075688,85,4013.9118740236445,11684.089790127742,Prevista,Prevista
2019,6,MS,MS_NORTE,7849.000832075688,90,3466.908387635388,12231.093276516,Prevista,Prevista
2019,6,MS,MS_NORTE,7849.000832075688,95,2627.41562394612,13070.586040205279,Prevista,Prevista
2019,6,MS,MS_SUL,57559.339435221715,70,37310.64157366859,77808.03729677493,Prevista,Prevista
2019,6,MS,MS_SUL,57559.339435221715,75,35085.07599043313,80033.60288001038,Prevista,Prevista
2019,6,MS,MS_SUL,57559.339435221715,80,32521.791718443455,82596.88715200005,Prevista,Prevista
2019,6,MS,MS_SUL,57559.339435221715,85,29435.35374284006,85683.32512760344,Prevista,Prevista
2019,6,MS,MS_SUL,57559.339435221715,90,25423.994842659515,89694.68402778401,Prevista,Prevista
2019,6,MS,MS_SUL,57559.339435221715,95,19267.71457560488,95850.96429483872,Prevista,Prevista
2019,6,MT,MT_MÉDIO NORTE,207852.892141579,70,170721.48718903985,244984.29709411773,Prevista,Prevista
2019,6,MT,MT_MÉDIO NORTE,207852.892141579,75,166640.31725482602,249065.46702833162,Prevista,Prevista
2019,6,MT,MT_MÉDIO NORTE,207852.892141579,80,161939.84975007642,253765.9345330812,Prevista,Prevista
2019,6,MT,MT_MÉDIO NORTE,207852.892141579,85,156280.03996296806,259425.74432018996,Prevista,Prevista
2019,6,MT,MT_MÉDIO NORTE,207852.892141579,90,148924.14020334018,266781.6440798178,Prevista,Prevista
2019,6,MT,MT_MÉDIO NORTE,207852.892141579,95,137634.95325609634,278070.8310270617,Prevista,Prevista
2019,6,MT,MT_NORDESTE,0.0,70,0.0,0.0,Prevista,Prevista
2019,6,MT,MT_NORDESTE,0.0,75,0.0,0.0,Prevista,Prevista
2019,6,MT,MT_NORDESTE,0.0,80,0.0,0.0,Prevista,Prevista
2019,6,MT,MT_NORDESTE,0.0,85,0.0,0.0,Prevista,Prevista
2019,6,MT,MT_NORDESTE,0.0,90,0.0,0.0,Prevista,Prevista
2019,6,MT,MT_NORDESTE,0.0,95,0.0,0.0,Prevista,Prevista
2019,6,MT,MT_NORDESTE_SUL,0.0,70,0.0,0.0,Prevista,Prevista
2019,6,MT,MT_NORDESTE_SUL,0.0,75,0.0,0.0,Prevista,Prevista
2019,6,MT,MT_NORDESTE_SUL,0.0,80,0.0,0.0,Prevista,Prevista
2019,6,MT,MT_NORDESTE_SUL,0.0,85,0.0,0.0,Prevista,Prevista
2019,6,MT,MT_NORDESTE_SUL,0.0,90,0.0,0.0,Prevista,Prevista
2019,6,MT,MT_NORDESTE_SUL,0.0,95,0.0,0.0,Prevista,Prevista
2019,6,MT,MT_NORTE,0.0,70,0.0,0.0,Prevista,Prevista
2019,6,MT,MT_NORTE,0.0,75,0.0,0.0,Prevista,Prevista
2019,6,MT,MT_NORTE,0.0,80,0.0,0.0,Prevista,Prevista
2019,6,MT,MT_NORTE,0.0,85,0.0,0.0,Prevista,Prevista
2019,6,MT,MT_NORTE,0.0,90,0.0,0.0,Prevista,Prevista
2019,6,MT,MT_NORTE,0.0,95,0.0,0.0,Prevista,Prevista
2019,6,MT,MT_OESTE,0.0,70,0.0,0.0,Prevista,Prevista
2019,6,MT,MT_OESTE,0.0,75,0.0,0.0,Prevista,Prevista
2019,6,MT,MT_OESTE,0.0,80,0.0,0.0,Prevista,Prevista
2019,6,MT,MT_OESTE,0.0,85,0.0,0.0,Prevista,Prevista
2019,6,MT,MT_OESTE,0.0,90,0.0,0.0,Prevista,Prevista
2019,6,MT,MT_OESTE,0.0,95,0.0,0.0,Prevista,Prevista
2019,6,MT,MT_SUDESTE,365534.39652484603,70,300234.3395393461,430834.45351034513,Prevista,Prevista
2019,6,MT,MT_SUDESTE,365534.39652484603,75,293057.109655039,438011.6833946524,Prevista,Prevista
2019,6,MT,MT_SUDESTE,365534.39652484603,80,284790.7702501345,446278.0227995568,Prevista,Prevista
2019,6,MT,MT_SUDESTE,365534.39652484603,85,274837.3116590129,456231.4813906791,Prevista,Prevista
2019,6,MT,MT_SUDESTE,365534.39652484603,90,261901.0741507018,469167.71889899013,Prevista,Prevista
2019,6,MT,MT_SUDESTE,365534.39652484603,95,242047.67641589366,489021.11663379834,Prevista,Prevista
2019,6,PR,PR,309340.930001605,70,249080.04943263103,369601.810570578,Prevista,Prevista
2019,6,PR,PR,309340.930001605,75,242456.683193145,376225.176810065,Prevista,Prevista
2019,6,PR,PR,309340.930001605,80,234828.25353140399,383853.606471805,Prevista,Prevista
2019,6,PR,PR,309340.930001605,85,225642.89892228,393038.961080929,Prevista,Prevista
2019,6,PR,PR,309340.930001605,90,213704.945121209,404976.914882001,Prevista,Prevista
2019,6,PR,PR,309340.930001605,95,195383.625278391,423298.23472481896,Prevista,Prevista
2019,6,RS,RS,312801.175903363,70,241948.896366561,383653.45544016396,Prevista,Prevista
2019,6,RS,RS,312801.175903363,75,234161.413146206,391440.93866052,Prevista,Prevista
2019,6,RS,RS,312801.175903363,80,225192.21744715198,400410.134359574,Prevista,Prevista
2019,6,RS,RS,312801.175903363,85,214392.453051651,411209.898755075,Prevista,Prevista
2019,6,RS,RS,312801.175903363,90,200356.29506947898,425246.05673724704,Prevista,Prevista
2019,6,RS,RS,312801.175903363,95,178814.83628676602,446787.515519959,Prevista,Prevista
2019,6,SC,SC,0.0,70,0.0,18346.7658264524,Prevista,Prevista
2019,6,SC,SC,0.0,75,0.0,21648.621087870903,Prevista,Prevista
2019,6,SC,SC,0.0,80,0.0,25451.5167309983,Prevista,Prevista
2019,6,SC,SC,0.0,85,0.0,30030.564657311297,Prevista,Prevista
2019,6,SC,SC,0.0,90,0.0,35981.8278282416,Prevista,Prevista
2019,6,SC,SC,0.0,95,0.0,45115.302277909504,Prevista,Prevista
2019,6,SP,SP,15380.107521425,70,0.0,37280.447433903704,Prevista,Prevista
2019,6,SP,SP,15380.107521425,75,0.0,39687.547539976,Prevista,Prevista
2019,6,SP,SP,15380.107521425,80,0.0,42459.9133104917,Prevista,Prevista
2019,6,SP,SP,15380.107521425,85,0.0,45798.1052893863,Prevista,Prevista
2019,6,SP,SP,15380.107521425,90,0.0,50136.6619721696,Prevista,Prevista
2019,6,SP,SP,15380.107521425,95,0.0,56795.096572103896,Prevista,Prevista
2019,7,BA,BA_OESTE NORTE,142743.071849112,70,91016.47099312881,194469.67270509602,Prevista,Prevista
2019,7,BA,BA_OESTE NORTE,142743.071849112,75,85331.1205873913,200155.02311083302,Prevista,Prevista
2019,7,BA,BA_OESTE NORTE,142743.071849112,80,78783.0460729613,206703.097625263,Prevista,Prevista
2019,7,BA,BA_OESTE NORTE,142743.071849112,85,70898.54177928429,214587.60191894,Prevista,Prevista
2019,7,BA,BA_OESTE NORTE,142743.071849112,90,60651.2675032573,224834.876194967,Prevista,Prevista
2019,7,BA,BA_OESTE NORTE,142743.071849112,95,44924.6536583176,240561.490039907,Prevista,Prevista
2019,7,BA,BA_OESTE SUL,0.0,70,0.0,0.0,Prevista,Prevista
2019,7,BA,BA_OESTE SUL,0.0,75,0.0,0.0,Prevista,Prevista
2019,7,BA,BA_OESTE SUL,0.0,80,0.0,0.0,Prevista,Prevista
2019,7,BA,BA_OESTE SUL,0.0,85,0.0,0.0,Prevista,Prevista
2019,7,BA,BA_OESTE SUL,0.0,90,0.0,0.0,Prevista,Prevista
2019,7,BA,BA_OESTE SUL,0.0,95,0.0,0.0,Prevista,Prevista
2019,7,BA,BA_OUTROS,0.0,70,0.0,0.0,Prevista,Prevista
2019,7,BA,BA_OUTROS,0.0,75,0.0,0.0,Prevista,Prevista
2019,7,BA,BA_OUTROS,0.0,80,0.0,0.0,Prevista,Prevista
2019,7,BA,BA_OUTROS,0.0,85,0.0,0.0,Prevista,Prevista
2019,7,BA,BA_OUTROS,0.0,90,0.0,0.0,Prevista,Prevista
2019,7,BA,BA_OUTROS,0.0,95,0.0,0.0,Prevista,Prevista
2019,7,GO,GO_LESTE,49263.34183016031,70,19040.811586767497,79485.87207355279,Prevista,Prevista
2019,7,GO,GO_LESTE,49263.34183016031,75,15719.00671773928,82807.67694258092,Prevista,Prevista
2019,7,GO,GO_LESTE,49263.34183016031,80,11893.134211650186,86633.5494486703,Prevista,Prevista
2019,7,GO,GO_LESTE,49263.34183016031,85,7286.419957735561,91240.26370258468,Prevista,Prevista
2019,7,GO,GO_LESTE,49263.34183016031,90,1299.199618594656,97227.4840417256,Prevista,Prevista
2019,7,GO,GO_LESTE,49263.34183016031,95,0.0,106416.14238558561,Prevista,Prevista
2019,7,GO,GO_NOROESTE,0.0,70,0.0,0.0,Prevista,Prevista
2019,7,GO,GO_NOROESTE,0.0,75,0.0,0.0,Prevista,Prevista
2019,7,GO,GO_NOROESTE,0.0,80,0.0,0.0,Prevista,Prevista
2019,7,GO,GO_NOROESTE,0.0,85,0.0,0.0,Prevista,Prevista
2019,7,GO,GO_NOROESTE,0.0,90,0.0,0.0,Prevista,Prevista
2019,7,GO,GO_NOROESTE,0.0,95,0.0,0.0,Prevista,Prevista
2019,7,GO,GO_SUDOESTE,108379.35202635269,70,41889.7854908885,174868.9185618162,Prevista,Prevista
2019,7,GO,GO_SUDOESTE,108379.35202635269,75,34581.81477902642,182176.88927367804,Prevista,Prevista
2019,7,GO,GO_SUDOESTE,108379.35202635269,80,26164.895265630414,190593.8087870747,Prevista,Prevista
2019,7,GO,GO_SUDOESTE,108379.35202635269,85,16030.123907018236,200728.5801456863,Prevista,Prevista
2019,7,GO,GO_SUDOESTE,108379.35202635269,90,2858.2391609082433,213900.46489179635,Prevista,Prevista
2019,7,GO,GO_SUDOESTE,108379.35202635269,95,0.0,234115.51324828836,Prevista,Prevista
2019,7,MG,MG_NOROESTE,0.0,70,0.0,0.0,Prevista,Prevista
2019,7,MG,MG_NOROESTE,0.0,75,0.0,0.0,Prevista,Prevista
2019,7,MG,MG_NOROESTE,0.0,80,0.0,0.0,Prevista,Prevista
2019,7,MG,MG_NOROESTE,0.0,85,0.0,0.0,Prevista,Prevista
2019,7,MG,MG_NOROESTE,0.0,90,0.0,0.0,Prevista,Prevista
2019,7,MG,MG_NOROESTE,0.0,95,0.0,0.0,Prevista,Prevista
2019,7,MG,MG_OUTROS,0.0,70,0.0,0.0,Prevista,Prevista
2019,7,MG,MG_OUTROS,0.0,75,0.0,0.0,Prevista,Prevista
2019,7,MG,MG_OUTROS,0.0,80,0.0,0.0,Prevista,Prevista
2019,7,MG,MG_OUTROS,0.0,85,0.0,0.0,Prevista,Prevista
2019,7,MG,MG_OUTROS,0.0,90,0.0,0.0,Prevista,Prevista
2019,7,MG,MG_OUTROS,0.0,95,0.0,0.0,Prevista,Prevista
2019,7,MG,MG_SUL,0.0,70,0.0,0.0,Prevista,Prevista
2019,7,MG,MG_SUL,0.0,75,0.0,0.0,Prevista,Prevista
2019,7,MG,MG_SUL,0.0,80,0.0,0.0,Prevista,Prevista
2019,7,MG,MG_SUL,0.0,85,0.0,0.0,Prevista,Prevista
2019,7,MG,MG_SUL,0.0,90,0.0,0.0,Prevista,Prevista
2019,7,MG,MG_SUL,0.0,95,0.0,0.0,Prevista,Prevista
2019,7,MG,MG_TRIÂNGULO,11935.7633237632,70,0.0,24033.1048655802,Prevista,Prevista
2019,7,MG,MG_TRIÂNGULO,11935.7633237632,75,0.0,25362.7423152669,Prevista,Prevista
2019,7,MG,MG_TRIÂNGULO,11935.7633237632,80,0.0,26894.1457427389,Prevista,Prevista
2019,7,MG,MG_TRIÂNGULO,11935.7633237632,85,0.0,28738.1010723012,Prevista,Prevista
2019,7,MG,MG_TRIÂNGULO,11935.7633237632,90,0.0,31134.6393086898,Prevista,Prevista
2019,7,MG,MG_TRIÂNGULO,11935.7633237632,95,0.0,34812.6350754752,Prevista,Prevista
2019,7,MS,MS_NORTE,7098.905895448607,70,4301.775909249925,9896.035881647304,Prevista,Prevista
2019,7,MS,MS_NORTE,7098.905895448607,75,3994.33904236182,10203.472748535407,Prevista,Prevista
2019,7,MS,MS_NORTE,7098.905895448607,80,3640.25013504756,10557.561655849657,Prevista,Prevista
2019,7,MS,MS_NORTE,7098.905895448607,85,3213.893424550416,10983.91836634681,Prevista,Prevista
2019,7,MS,MS_NORTE,7098.905895448607,90,2659.769285713596,11538.042505183632,Prevista,Prevista
2019,7,MS,MS_NORTE,7098.905895448607,95,1809.348371926452,12388.4634189708,Prevista,Prevista
2019,7,MS,MS_SUL,52058.64323328979,70,31546.356667832777,72570.9297987469,Prevista,Prevista
2019,7,MS,MS_SUL,52058.64323328979,75,29291.81964398668,74825.46682259299,Prevista,Prevista
2019,7,MS,MS_SUL,52058.64323328979,80,26695.167657015438,77422.11880956416,Prevista,Prevista
2019,7,MS,MS_SUL,52058.64323328979,85,23568.551780036385,80548.73468654328,Prevista,Prevista
2019,7,MS,MS_SUL,52058.64323328979,90,19504.974761899706,84612.31170467996,Prevista,Prevista
2019,7,MS,MS_SUL,52058.64323328979,95,13268.554727460649,90848.7317391192,Prevista,Prevista
2019,7,MT,MT_MÉDIO NORTE,255729.86772288487,70,217399.94946114294,294059.7859846272,Prevista,Prevista
2019,7,MT,MT_MÉDIO NORTE,255729.86772288487,75,213187.04908232222,298272.6863634479,Prevista,Prevista
2019,7,MT,MT_MÉDIO NORTE,255729.86772288487,80,208334.86168248323,303124.8737632869,Prevista,Prevista
2019,7,MT,MT_MÉDIO NORTE,255729.86772288487,85,202492.36671645197,308967.36872931814,Prevista,Prevista
2019,7,MT,MT_MÉDIO NORTE,255729.86772288487,90,194899.03603347635,316560.6994122938,Prevista,Prevista
2019,7,MT,MT_MÉDIO NORTE,255729.86772288487,95,183245.4610210989,328214.2744246713,Prevista,Prevista
2019,7,MT,MT_NORDESTE,0.0,70,0.0,0.0,Prevista,Prevista
2019,7,MT,MT_NORDESTE,0.0,75,0.0,0.0,Prevista,Prevista
2019,7,MT,MT_NORDESTE,0.0,80,0.0,0.0,Prevista,Prevista
2019,7,MT,MT_NORDESTE,0.0,85,0.0,0.0,Prevista,Prevista
2019,7,MT,MT_NORDESTE,0.0,90,0.0,0.0,Prevista,Prevista
2019,7,MT,MT_NORDESTE,0.0,95,0.0,0.0,Prevista,Prevista
2019,7,MT,MT_NORDESTE_SUL,0.0,70,0.0,0.0,Prevista,Prevista
2019,7,MT,MT_NORDESTE_SUL,0.0,75,0.0,0.0,Prevista,Prevista
2019,7,MT,MT_NORDESTE_SUL,0.0,80,0.0,0.0,Prevista,Prevista
2019,7,MT,MT_NORDESTE_SUL,0.0,85,0.0,0.0,Prevista,Prevista
2019,7,MT,MT_NORDESTE_SUL,0.0,90,0.0,0.0,Prevista,Prevista
2019,7,MT,MT_NORDESTE_SUL,0.0,95,0.0,0.0,Prevista,Prevista
2019,7,MT,MT_NORTE,0.0,70,0.0,0.0,Prevista,Prevista
2019,7,MT,MT_NORTE,0.0,75,0.0,0.0,Prevista,Prevista
2019,7,MT,MT_NORTE,0.0,80,0.0,0.0,Prevista,Prevista
2019,7,MT,MT_NORTE,0.0,85,0.0,0.0,Prevista,Prevista
2019,7,MT,MT_NORTE,0.0,90,0.0,0.0,Prevista,Prevista
2019,7,MT,MT_NORTE,0.0,95,0.0,0.0,Prevista,Prevista
2019,7,MT,MT_OESTE,0.0,70,0.0,0.0,Prevista,Prevista
2019,7,MT,MT_OESTE,0.0,75,0.0,0.0,Prevista,Prevista
2019,7,MT,MT_OESTE,0.0,80,0.0,0.0,Prevista,Prevista
2019,7,MT,MT_OESTE,0.0,85,0.0,0.0,Prevista,Prevista
2019,7,MT,MT_OESTE,0.0,90,0.0,0.0,Prevista,Prevista
2019,7,MT,MT_OESTE,0.0,95,0.0,0.0,Prevista,Prevista
2019,7,MT,MT_SUDESTE,449731.83634024597,70,382324.049052355,517139.6236281377,Prevista,Prevista
2019,7,MT,MT_SUDESTE,449731.83634024597,75,374915.15528270474,524548.517397788,Prevista,Prevista
2019,7,MT,MT_SUDESTE,449731.83634024597,80,366381.99813126377,533081.674549229,Prevista,Prevista
2019,7,MT,MT_SUDESTE,449731.83634024597,85,356107.265604795,543356.4070756977,Prevista,Prevista
2019,7,MT,MT_SUDESTE,449731.83634024597,90,342753.47716232063,556710.1955181721,Prevista,Prevista
2019,7,MT,MT_SUDESTE,449731.83634024597,95,322259.2590371051,577204.4136433877,Prevista,Prevista
2019,7,PR,PR,390400.558050678,70,330139.677481702,450661.438619654,Prevista,Prevista
2019,7,PR,PR,390400.558050678,75,323516.311242215,457284.804859141,Prevista,Prevista
2019,7,PR,PR,390400.558050678,80,315887.881580474,464913.234520882,Prevista,Prevista
2019,7,PR,PR,390400.558050678,85,306702.52697134897,474098.589130007,Prevista,Prevista
2019,7,PR,PR,390400.558050678,90,294764.573170278,486036.54293107794,Prevista,Prevista
2019,7,PR,PR,390400.558050678,95,276443.253327458,504357.86277389794,Prevista,Prevista
2019,7,RS,RS,142893.643005827,70,72027.2606665998,213760.025345054,Prevista,Prevista
2019,7,RS,RS,142893.643005827,75,64238.227385499005,221549.058626155,Prevista,Prevista
2019,7,RS,RS,142893.643005827,80,55267.2464115642,230520.03960009,Prevista,Prevista
2019,7,RS,RS,142893.643005827,85,44465.3323753675,241321.95363628602,Prevista,Prevista
2019,7,RS,RS,142893.643005827,90,30426.3805640606,255360.90544759302,Prevista,Prevista
2019,7,RS,RS,142893.643005827,95,8880.63405850873,276906.651953145,Prevista,Prevista
2019,7,SC,SC,8975.95054615866,70,0.0,45768.5408804834,Prevista,Prevista
2019,7,SC,SC,8975.95054615866,75,0.0,49812.471177929,Prevista,Prevista
2019,7,SC,SC,8975.95054615866,80,0.0,54470.0481132244,Prevista,Prevista
2019,7,SC,SC,8975.95054615866,85,0.0,60078.213576757305,Prevista,Prevista
2019,7,SC,SC,8975.95054615866,90,0.0,67366.9926235583,Prevista,Prevista
2019,7,SC,SC,8975.95054615866,95,0.0,78553.1686136254,Prevista,Prevista
2019,7,SP,SP,18320.3402919052,70,0.0,42219.8444040014,Prevista,Prevista
2019,7,SP,SP,18320.3402919052,75,0.0,44846.6757277711,Prevista,Prevista
2019,7,SP,SP,18320.3402919052,80,0.0,47872.1158532425,Prevista,Prevista
2019,7,SP,SP,18320.3402919052,85,0.0,51515.033417325496,Prevista,Prevista
2019,7,SP,SP,18320.3402919052,90,0.0,56249.6335968259,Prevista,Prevista
2019,7,SP,SP,18320.3402919052,95,0.0,63515.880866832005,Prevista,Prevista
2019,8,BA,BA_OESTE NORTE,41575.1453899583,70,0.0,93479.96858283869,Prevista,Prevista
2019,8,BA,BA_OESTE NORTE,41575.1453899583,75,0.0,99184.9076802478,Prevista,Prevista
2019,8,BA,BA_OESTE NORTE,41575.1453899583,80,0.0,105755.543374474,Prevista,Prevista
2019,8,BA,BA_OESTE NORTE,41575.1453899583,85,0.0,113667.21347369801,Prevista,Prevista
2019,8,BA,BA_OESTE NORTE,41575.1453899583,90,0.0,123949.79440313099,Prevista,Prevista
2019,8,BA,BA_OESTE NORTE,41575.1453899583,95,0.0,139730.59378944698,Prevista,Prevista
2019,8,BA,BA_OESTE SUL,0.0,70,0.0,0.0,Prevista,Prevista
2019,8,BA,BA_OESTE SUL,0.0,75,0.0,0.0,Prevista,Prevista
2019,8,BA,BA_OESTE SUL,0.0,80,0.0,0.0,Prevista,Prevista
2019,8,BA,BA_OESTE SUL,0.0,85,0.0,0.0,Prevista,Prevista
2019,8,BA,BA_OESTE SUL,0.0,90,0.0,0.0,Prevista,Prevista
2019,8,BA,BA_OESTE SUL,0.0,95,0.0,0.0,Prevista,Prevista
2019,8,BA,BA_OUTROS,0.0,70,0.0,0.0,Prevista,Prevista
2019,8,BA,BA_OUTROS,0.0,75,0.0,0.0,Prevista,Prevista
2019,8,BA,BA_OUTROS,0.0,80,0.0,0.0,Prevista,Prevista
2019,8,BA,BA_OUTROS,0.0,85,0.0,0.0,Prevista,Prevista
2019,8,BA,BA_OUTROS,0.0,90,0.0,0.0,Prevista,Prevista
2019,8,BA,BA_OUTROS,0.0,95,0.0,0.0,Prevista,Prevista
2019,8,GO,GO_LESTE,43383.84351783498,70,8485.879991058935,78281.80704461124,Prevista,Prevista
2019,8,GO,GO_LESTE,43383.84351783498,75,4650.191045466499,82117.49599020374,Prevista,Prevista
2019,8,GO,GO_LESTE,43383.84351783498,80,232.45506835445653,86535.23196731562,Prevista,Prevista
2019,8,GO,GO_LESTE,43383.84351783498,85,0.0,91854.60611358,Prevista,Prevista
2019,8,GO,GO_LESTE,43383.84351783498,90,0.0,98768.05099524374,Prevista,Prevista
2019,8,GO,GO_LESTE,43383.84351783498,95,0.0,109378.19717299935,Prevista,Prevista
2019,8,GO,GO_NOROESTE,0.0,70,0.0,0.0,Prevista,Prevista
2019,8,GO,GO_NOROESTE,0.0,75,0.0,0.0,Prevista,Prevista
2019,8,GO,GO_NOROESTE,0.0,80,0.0,0.0,Prevista,Prevista
2019,8,GO,GO_NOROESTE,0.0,85,0.0,0.0,Prevista,Prevista
2019,8,GO,GO_NOROESTE,0.0,90,0.0,0.0,Prevista,Prevista
2019,8,GO,GO_NOROESTE,0.0,95,0.0,0.0,Prevista,Prevista
2019,8,GO,GO_SUDOESTE,95444.45573923699,70,18668.93598032966,172219.97549814475,Prevista,Prevista
2019,8,GO,GO_SUDOESTE,95444.45573923699,75,10230.4203000263,180658.49117844825,Prevista,Prevista
2019,8,GO,GO_SUDOESTE,95444.45573923699,80,511.40115037980445,190377.5103280944,Prevista,Prevista
2019,8,GO,GO_SUDOESTE,95444.45573923699,85,0.0,202080.13344987604,Prevista,Prevista
2019,8,GO,GO_SUDOESTE,95444.45573923699,90,0.0,217289.71218953625,Prevista,Prevista
2019,8,GO,GO_SUDOESTE,95444.45573923699,95,0.0,240632.0337805986,Prevista,Prevista
2019,8,MG,MG_NOROESTE,0.0,70,0.0,0.0,Prevista,Prevista
2019,8,MG,MG_NOROESTE,0.0,75,0.0,0.0,Prevista,Prevista
2019,8,MG,MG_NOROESTE,0.0,80,0.0,0.0,Prevista,Prevista
2019,8,MG,MG_NOROESTE,0.0,85,0.0,0.0,Prevista,Prevista
2019,8,MG,MG_NOROESTE,0.0,90,0.0,0.0,Prevista,Prevista
2019,8,MG,MG_NOROESTE,0.0,95,0.0,0.0,Prevista,Prevista
2019,8,MG,MG_OUTROS,0.0,70,0.0,0.0,Prevista,Prevista
2019,8,MG,MG_OUTROS,0.0,75,0.0,0.0,Prevista,Prevista
2019,8,MG,MG_OUTROS,0.0,80,0.0,0.0,Prevista,Prevista
2019,8,MG,MG_OUTROS,0.0,85,0.0,0.0,Prevista,Prevista
2019,8,MG,MG_OUTROS,0.0,90,0.0,0.0,Prevista,Prevista
2019,8,MG,MG_OUTROS,0.0,95,0.0,0.0,Prevista,Prevista
2019,8,MG,MG_SUL,0.0,70,0.0,0.0,Prevista,Prevista
2019,8,MG,MG_SUL,0.0,75,0.0,0.0,Prevista,Prevista
2019,8,MG,MG_SUL,0.0,80,0.0,0.0,Prevista,Prevista
2019,8,MG,MG_SUL,0.0,85,0.0,0.0,Prevista,Prevista
2019,8,MG,MG_SUL,0.0,90,0.0,0.0,Prevista,Prevista
2019,8,MG,MG_SUL,0.0,95,0.0,0.0,Prevista,Prevista
2019,8,MG,MG_TRIÂNGULO,24164.9691546274,70,12067.627612793702,36262.3106964611,Prevista,Prevista
2019,8,MG,MG_TRIÂNGULO,24164.9691546274,75,10737.9901631051,37591.948146149705,Prevista,Prevista
2019,8,MG,MG_TRIÂNGULO,24164.9691546274,80,9206.58673563101,39123.3515736237,Prevista,Prevista
2019,8,MG,MG_TRIÂNGULO,24164.9691546274,85,7362.63140606615,40967.3069031886,Prevista,Prevista
2019,8,MG,MG_TRIÂNGULO,24164.9691546274,90,4966.09316967426,43363.845139580495,Prevista,Prevista
2019,8,MG,MG_TRIÂNGULO,24164.9691546274,95,1288.09740288382,47041.8409063709,Prevista,Prevista
2019,8,MS,MS_NORTE,7037.6361183867475,70,4205.018285616899,9870.253951156597,Prevista,Prevista
2019,8,MS,MS_NORTE,7037.6361183867475,75,3893.6808948288476,10181.591341944659,Prevista,Prevista
2019,8,MS,MS_NORTE,7037.6361183867475,80,3535.099578195996,10540.1726585775,Prevista,Prevista
2019,8,MS,MS_NORTE,7037.6361183867475,85,3103.3335797496356,10971.93865702386,Prevista,Prevista
2019,8,MS,MS_NORTE,7037.6361183867475,90,2542.179137524188,11533.093099249307,Prevista,Prevista
2019,8,MS,MS_NORTE,7037.6361183867475,95,1680.9687334172158,12394.30350335628,Prevista,Prevista
2019,8,MS,MS_SUL,51609.33153483615,70,30836.800761190596,72381.86230848171,Prevista,Prevista
2019,8,MS,MS_SUL,51609.33153483615,75,28553.65989541155,74665.00317426084,Prevista,Prevista
2019,8,MS,MS_SUL,51609.33153483615,80,25924.063573437303,77294.599496235,Prevista,Prevista
2019,8,MS,MS_SUL,51609.33153483615,85,22757.77958483066,80460.88348484164,Prevista,Prevista
2019,8,MS,MS_SUL,51609.33153483615,90,18642.64700851071,84576.01606116159,Prevista,Prevista
2019,8,MS,MS_SUL,51609.33153483615,95,12327.104045059583,90891.55902461272,Prevista,Prevista
2019,8,MT,MT_MÉDIO NORTE,154197.1365310137,70,114705.06107787596,193689.21198415183,Prevista,Prevista
2019,8,MT,MT_MÉDIO NORTE,154197.1365310137,75,110364.42621137798,198029.8468506498,Prevista,Prevista
2019,8,MT,MT_MÉDIO NORTE,154197.1365310137,80,105365.121240293,203029.15182173447,Prevista,Prevista
2019,8,MT,MT_MÉDIO NORTE,154197.1365310137,85,99345.4827308266,209048.7903312012,Prevista,Prevista
2019,8,MT,MT_MÉDIO NORTE,154197.1365310137,90,91521.9234363624,216872.34962566503,Prevista,Prevista
2019,8,MT,MT_MÉDIO NORTE,154197.1365310137,95,79515.01383261898,228879.25922940887,Prevista,Prevista
2019,8,MT,MT_NORDESTE,0.0,70,0.0,0.0,Prevista,Prevista
2019,8,MT,MT_NORDESTE,0.0,75,0.0,0.0,Prevista,Prevista
2019,8,MT,MT_NORDESTE,0.0,80,0.0,0.0,Prevista,Prevista
2019,8,MT,MT_NORDESTE,0.0,85,0.0,0.0,Prevista,Prevista
2019,8,MT,MT_NORDESTE,0.0,90,0.0,0.0,Prevista,Prevista
2019,8,MT,MT_NORDESTE,0.0,95,0.0,0.0,Prevista,Prevista
2019,8,MT,MT_NORDESTE_SUL,0.0,70,0.0,0.0,Prevista,Prevista
2019,8,MT,MT_NORDESTE_SUL,0.0,75,0.0,0.0,Prevista,Prevista
2019,8,MT,MT_NORDESTE_SUL,0.0,80,0.0,0.0,Prevista,Prevista
2019,8,MT,MT_NORDESTE_SUL,0.0,85,0.0,0.0,Prevista,Prevista
2019,8,MT,MT_NORDESTE_SUL,0.0,90,0.0,0.0,Prevista,Prevista
2019,8,MT,MT_NORDESTE_SUL,0.0,95,0.0,0.0,Prevista,Prevista
2019,8,MT,MT_NORTE,0.0,70,0.0,0.0,Prevista,Prevista
2019,8,MT,MT_NORTE,0.0,75,0.0,0.0,Prevista,Prevista
2019,8,MT,MT_NORTE,0.0,80,0.0,0.0,Prevista,Prevista
2019,8,MT,MT_NORTE,0.0,85,0.0,0.0,Prevista,Prevista
2019,8,MT,MT_NORTE,0.0,90,0.0,0.0,Prevista,Prevista
2019,8,MT,MT_NORTE,0.0,95,0.0,0.0,Prevista,Prevista
2019,8,MT,MT_OESTE,0.0,70,0.0,0.0,Prevista,Prevista
2019,8,MT,MT_OESTE,0.0,75,0.0,0.0,Prevista,Prevista
2019,8,MT,MT_OESTE,0.0,80,0.0,0.0,Prevista,Prevista
2019,8,MT,MT_OESTE,0.0,85,0.0,0.0,Prevista,Prevista
2019,8,MT,MT_OESTE,0.0,90,0.0,0.0,Prevista,Prevista
2019,8,MT,MT_OESTE,0.0,95,0.0,0.0,Prevista,Prevista
2019,8,MT,MT_SUDESTE,271174.27458902425,70,201722.69361971298,340625.85555833613,Prevista,Prevista
2019,8,MT,MT_SUDESTE,271174.27458902425,75,194089.16333725103,348259.3858407981,Prevista,Prevista
2019,8,MT,MT_SUDESTE,271174.27458902425,80,185297.282181205,357051.2669968435,Prevista,Prevista
2019,8,MT,MT_SUDESTE,271174.27458902425,85,174711.02135421237,367637.5278238367,Prevista,Prevista
2019,8,MT,MT_SUDESTE,271174.27458902425,90,160952.3481122236,381396.2010658249,Prevista,Prevista
2019,8,MT,MT_SUDESTE,271174.27458902425,95,139836.74846426104,402511.8007137882,Prevista,Prevista
2019,8,PR,PR,346075.144534032,70,285814.263965175,406336.02510288794,Prevista,Prevista
2019,8,PR,PR,346075.144534032,75,279190.897725702,412959.391342361,Prevista,Prevista
2019,8,PR,PR,346075.144534032,80,271562.46806397603,420587.82100408705,Prevista,Prevista
2019,8,PR,PR,346075.144534032,85,262377.11345487,429773.17561319296,Prevista,Prevista
2019,8,PR,PR,346075.144534032,90,250439.159653822,441711.129414241,Prevista,Prevista
2019,8,PR,PR,346075.144534032,95,232117.83981103898,460032.449257024,Prevista,Prevista
2019,8,RS,RS,239221.171680207,70,168340.689276621,310101.654083792,Prevista,Prevista
2019,8,RS,RS,239221.171680207,75,160550.10623572,317892.237124694,Prevista,Prevista
2019,8,RS,RS,239221.171680207,80,151577.340333517,326865.003026897,Prevista,Prevista
2019,8,RS,RS,239221.171680207,85,140773.277073978,337669.066286435,Prevista,Prevista
2019,8,RS,RS,239221.171680207,90,126731.53197596,351710.81138445396,Prevista,Prevista
2019,8,RS,RS,239221.171680207,95,105181.498580033,373260.844780381,Prevista,Prevista
2019,8,SC,SC,133037.331847215,70,90552.9079804337,175521.755713997,Prevista,Prevista
2019,8,SC,SC,133037.331847215,75,85883.3794888744,180191.284205556,Prevista,Prevista
2019,8,SC,SC,133037.331847215,80,80505.2728942259,185569.390800205,Prevista,Prevista
2019,8,SC,SC,133037.331847215,85,74029.5212142605,192045.14248017,Prevista,Prevista
2019,8,SC,SC,133037.331847215,90,65613.1641249169,200461.49956951398,Prevista,Prevista
2019,8,SC,SC,133037.331847215,95,52696.4806869731,213378.18300745802,Prevista,Prevista
2019,8,SP,SP,23900.134371593198,70,0.0,49644.02007908071,Prevista,Prevista
2019,8,SP,SP,23900.134371593198,75,0.0,52473.5702260124,Prevista,Prevista
2019,8,SP,SP,23900.134371593198,80,0.0,55732.4907642658,Prevista,Prevista
2019,8,SP,SP,23900.134371593198,85,0.0,59656.540944205895,Prevista,Prevista
2019,8,SP,SP,23900.134371593198,90,0.0,64756.5214843887,Prevista,Prevista
2019,8,SP,SP,23900.134371593198,95,0.0,72583.5223444904,Prevista,Prevista
2019,9,BA,BA_OESTE NORTE,136620.450932979,70,84538.0152703146,188702.886595643,Prevista,Prevista
2019,9,BA,BA_OESTE NORTE,136620.450932979,75,78813.5545126681,194427.347353289,Prevista,Prevista
2019,9,BA,BA_OESTE NORTE,136620.450932979,80,72220.4348417728,201020.467024185,Prevista,Prevista
2019,9,BA,BA_OESTE NORTE,136620.450932979,85,64281.691896905,208959.20996905302,Prevista,Prevista
2019,9,BA,BA_OESTE NORTE,136620.450932979,90,53963.9251315074,219276.97673445,Prevista,Prevista
2019,9,BA,BA_OESTE NORTE,136620.450932979,95,38129.125623782005,235111.776242175,Prevista,Prevista
2019,9,BA,BA_OESTE SUL,0.0,70,0.0,0.0,Prevista,Prevista
2019,9,BA,BA_OESTE SUL,0.0,75,0.0,0.0,Prevista,Prevista
2019,9,BA,BA_OESTE SUL,0.0,80,0.0,0.0,Prevista,Prevista
2019,9,BA,BA_OESTE SUL,0.0,85,0.0,0.0,Prevista,Prevista
2019,9,BA,BA_OESTE SUL,0.0,90,0.0,0.0,Prevista,Prevista
2019,9,BA,BA_OESTE SUL,0.0,95,0.0,0.0,Prevista,Prevista
2019,9,BA,BA_OUTROS,0.0,70,0.0,0.0,Prevista,Prevista
2019,9,BA,BA_OUTROS,0.0,75,0.0,0.0,Prevista,Prevista
2019,9,BA,BA_OUTROS,0.0,80,0.0,0.0,Prevista,Prevista
2019,9,BA,BA_OUTROS,0.0,85,0.0,0.0,Prevista,Prevista
2019,9,BA,BA_OUTROS,0.0,90,0.0,0.0,Prevista,Prevista
2019,9,BA,BA_OUTROS,0.0,95,0.0,0.0,Prevista,Prevista
2019,9,GO,GO_LESTE,49942.51662913843,70,10925.417595903624,88959.61566237311,Prevista,Prevista
2019,9,GO,GO_LESTE,49942.51662913843,75,6636.988119609499,93248.04513866716,Prevista,Prevista
2019,9,GO,GO_LESTE,49942.51662913843,80,1697.8104512790342,98187.2228069975,Prevista,Prevista
2019,9,GO,GO_LESTE,49942.51662913843,85,0.0,104134.46232715966,Prevista,Prevista
2019,9,GO,GO_LESTE,49942.51662913843,90,0.0,111863.92663821373,Prevista,Prevista
2019,9,GO,GO_LESTE,49942.51662913843,95,0.0,123726.42755053655,Prevista,Prevista
2019,9,GO,GO_NOROESTE,0.0,70,0.0,0.0,Prevista,Prevista
2019,9,GO,GO_NOROESTE,0.0,75,0.0,0.0,Prevista,Prevista
2019,9,GO,GO_NOROESTE,0.0,80,0.0,0.0,Prevista,Prevista
2019,9,GO,GO_NOROESTE,0.0,85,0.0,0.0,Prevista,Prevista
2019,9,GO,GO_NOROESTE,0.0,90,0.0,0.0,Prevista,Prevista
2019,9,GO,GO_NOROESTE,0.0,95,0.0,0.0,Prevista,Prevista
2019,9,GO,GO_SUDOESTE,109873.53658410456,70,24035.918710987975,195711.15445722087,Prevista,Prevista
2019,9,GO,GO_SUDOESTE,109873.53658410456,75,14601.3738631409,205145.6993050678,Prevista,Prevista
2019,9,GO,GO_SUDOESTE,109873.53658410456,80,3735.182992813876,216011.8901753945,Prevista,Prevista
2019,9,GO,GO_SUDOESTE,109873.53658410456,85,0.0,229095.81711975133,Prevista,Prevista
2019,9,GO,GO_SUDOESTE,109873.53658410456,90,0.0,246100.63860407023,Prevista,Prevista
2019,9,GO,GO_SUDOESTE,109873.53658410456,95,0.0,272198.14061118045,Prevista,Prevista
2019,9,MG,MG_NOROESTE,0.0,70,0.0,0.0,Prevista,Prevista
2019,9,MG,MG_NOROESTE,0.0,75,0.0,0.0,Prevista,Prevista
2019,9,MG,MG_NOROESTE,0.0,80,0.0,0.0,Prevista,Prevista
2019,9,MG,MG_NOROESTE,0.0,85,0.0,0.0,Prevista,Prevista
2019,9,MG,MG_NOROESTE,0.0,90,0.0,0.0,Prevista,Prevista
2019,9,MG,MG_NOROESTE,0.0,95,0.0,0.0,Prevista,Prevista
2019,9,MG,MG_OUTROS,0.0,70,0.0,0.0,Prevista,Prevista
2019,9,MG,MG_OUTROS,0.0,75,0.0,0.0,Prevista,Prevista
2019,9,MG,MG_OUTROS,0.0,80,0.0,0.0,Prevista,Prevista
2019,9,MG,MG_OUTROS,0.0,85,0.0,0.0,Prevista,Prevista
2019,9,MG,MG_OUTROS,0.0,90,0.0,0.0,Prevista,Prevista
2019,9,MG,MG_OUTROS,0.0,95,0.0,0.0,Prevista,Prevista
2019,9,MG,MG_SUL,0.0,70,0.0,0.0,Prevista,Prevista
2019,9,MG,MG_SUL,0.0,75,0.0,0.0,Prevista,Prevista
2019,9,MG,MG_SUL,0.0,80,0.0,0.0,Prevista,Prevista
2019,9,MG,MG_SUL,0.0,85,0.0,0.0,Prevista,Prevista
2019,9,MG,MG_SUL,0.0,90,0.0,0.0,Prevista,Prevista
2019,9,MG,MG_SUL,0.0,95,0.0,0.0,Prevista,Prevista
2019,9,MG,MG_TRIÂNGULO,11584.098331576299,70,0.0,23681.439873415,Prevista,Prevista
2019,9,MG,MG_TRIÂNGULO,11584.098331576299,75,0.0,25011.0773231042,Prevista,Prevista
2019,9,MG,MG_TRIÂNGULO,11584.098331576299,80,0.0,26542.480750578903,Prevista,Prevista
2019,9,MG,MG_TRIÂNGULO,11584.098331576299,85,0.0,28386.436080144504,Prevista,Prevista
2019,9,MG,MG_TRIÂNGULO,11584.098331576299,90,0.0,30782.974316537402,Prevista,Prevista
2019,9,MG,MG_TRIÂNGULO,11584.098331576299,95,0.0,34460.9700833294,Prevista,Prevista
2019,9,MS,MS_NORTE,4541.606129020836,70,1673.939585565984,7409.2726724756885,Prevista,Prevista
2019,9,MS,MS_NORTE,4541.606129020836,75,1358.74993697988,7724.462321061792,Prevista,Prevista
2019,9,MS,MS_NORTE,4541.606129020836,80,995.7318012751774,8087.480456766491,Prevista,Prevista
2019,9,MS,MS_NORTE,4541.606129020836,85,558.6234508220999,8524.58880721957,Prevista,Prevista
2019,9,MS,MS_NORTE,4541.606129020836,90,0.0,9092.686558022555,Prevista,Prevista
2019,9,MS,MS_NORTE,4541.606129020836,95,0.0,9964.552940476931,Prevista,Prevista
2019,9,MS,MS_SUL,33305.11161281946,70,12275.556960817217,54334.66626482172,Prevista,Prevista
2019,9,MS,MS_SUL,33305.11161281946,75,9964.166204519119,56646.05702111981,Prevista,Prevista
2019,9,MS,MS_SUL,33305.11161281946,80,7302.033209351302,59308.190016287605,Prevista,Prevista
2019,9,MS,MS_SUL,33305.11161281946,85,4096.5719726954,62513.65125294352,Prevista,Prevista
2019,9,MS,MS_SUL,33305.11161281946,90,0.0,66679.70142549874,Prevista,Prevista
2019,9,MS,MS_SUL,33305.11161281946,95,0.0,73073.38823016417,Prevista,Prevista
2019,9,MT,MT_MÉDIO NORTE,219190.9486957672,70,178569.9516660486,259811.94572548612,Prevista,Prevista
2019,9,MT,MT_MÉDIO NORTE,219190.9486957672,75,174105.23528951025,264276.6621020245,Prevista,Prevista
2019,9,MT,MT_MÉDIO NORTE,219190.9486957672,80,168963.02004630072,269418.87734523363,Prevista,Prevista
2019,9,MT,MT_MÉDIO NORTE,219190.9486957672,85,162771.3039815633,275610.59340997145,Prevista,Prevista
2019,9,MT,MT_MÉDIO NORTE,219190.9486957672,90,154724.1002016718,283657.7971898626,Prevista,Prevista
2019,9,MT,MT_MÉDIO NORTE,219190.9486957672,95,142373.96074322466,296007.93664831005,Prevista,Prevista
2019,9,MT,MT_NORDESTE,0.0,70,0.0,0.0,Prevista,Prevista
2019,9,MT,MT_NORDESTE,0.0,75,0.0,0.0,Prevista,Prevista
2019,9,MT,MT_NORDESTE,0.0,80,0.0,0.0,Prevista,Prevista
2019,9,MT,MT_NORDESTE,0.0,85,0.0,0.0,Prevista,Prevista
2019,9,MT,MT_NORDESTE,0.0,90,0.0,0.0,Prevista,Prevista
2019,9,MT,MT_NORDESTE,0.0,95,0.0,0.0,Prevista,Prevista
2019,9,MT,MT_NORDESTE_SUL,0.0,70,0.0,0.0,Prevista,Prevista
2019,9,MT,MT_NORDESTE_SUL,0.0,75,0.0,0.0,Prevista,Prevista
2019,9,MT,MT_NORDESTE_SUL,0.0,80,0.0,0.0,Prevista,Prevista
2019,9,MT,MT_NORDESTE_SUL,0.0,85,0.0,0.0,Prevista,Prevista
2019,9,MT,MT_NORDESTE_SUL,0.0,90,0.0,0.0,Prevista,Prevista
2019,9,MT,MT_NORDESTE_SUL,0.0,95,0.0,0.0,Prevista,Prevista
2019,9,MT,MT_NORTE,0.0,70,0.0,0.0,Prevista,Prevista
2019,9,MT,MT_NORTE,0.0,75,0.0,0.0,Prevista,Prevista
2019,9,MT,MT_NORTE,0.0,80,0.0,0.0,Prevista,Prevista
2019,9,MT,MT_NORTE,0.0,85,0.0,0.0,Prevista,Prevista
2019,9,MT,MT_NORTE,0.0,90,0.0,0.0,Prevista,Prevista
2019,9,MT,MT_NORTE,0.0,95,0.0,0.0,Prevista,Prevista
2019,9,MT,MT_OESTE,0.0,70,0.0,0.0,Prevista,Prevista
2019,9,MT,MT_OESTE,0.0,75,0.0,0.0,Prevista,Prevista
2019,9,MT,MT_OESTE,0.0,80,0.0,0.0,Prevista,Prevista
2019,9,MT,MT_OESTE,0.0,85,0.0,0.0,Prevista,Prevista
2019,9,MT,MT_OESTE,0.0,90,0.0,0.0,Prevista,Prevista
2019,9,MT,MT_OESTE,0.0,95,0.0,0.0,Prevista,Prevista
2019,9,MT,MT_SUDESTE,385473.7373615218,70,314036.81155063736,456910.66317240684,Prevista,Prevista
2019,9,MT,MT_SUDESTE,385473.7373615218,75,306185.0689574147,464762.4057656295,Prevista,Prevista
2019,9,MT,MT_SUDESTE,385473.7373615218,80,297141.86284004623,473805.61188299727,Prevista,Prevista
2019,9,MT,MT_SUDESTE,385473.7373615218,85,286252.9828641287,484694.4918589155,Prevista,Prevista
2019,9,MT,MT_SUDESTE,385473.7373615218,90,272101.0038029402,498846.47092010337,Prevista,Prevista
2019,9,MT,MT_SUDESTE,385473.7373615218,95,250381.79303118828,520565.68169185583,Prevista,Prevista
2019,9,PR,PR,254004.977034487,70,193744.09646533802,314265.857603636,Prevista,Prevista
2019,9,PR,PR,254004.977034487,75,187120.730225832,320889.223843142,Prevista,Prevista
2019,9,PR,PR,254004.977034487,80,179492.30056406898,328517.653504905,Prevista,Prevista
2019,9,PR,PR,254004.977034487,85,170306.94595491802,337703.008114056,Prevista,Prevista
2019,9,PR,PR,254004.977034487,90,158368.992153812,349640.961915162,Prevista,Prevista
2019,9,PR,PR,254004.977034487,95,140047.67231094,367962.28175803396,Prevista,Prevista
2019,9,RS,RS,225665.012532892,70,154770.432869278,296559.592196505,Prevista,Prevista
2019,9,RS,RS,225665.012532892,75,146978.300376805,304351.724688979,Prevista,Prevista
2019,9,RS,RS,225665.012532892,80,138003.749901335,313326.275164449,Prevista,Prevista
2019,9,RS,RS,225665.012532892,85,127197.53784590801,324132.487219876,Prevista,Prevista
2019,9,RS,RS,225665.012532892,90,113153.000016729,338177.025049055,Prevista,Prevista
2019,9,RS,RS,225665.012532892,95,91598.6805830367,359731.344482747,Prevista,Prevista
2019,9,SC,SC,142377.041283779,70,94878.0114090335,189876.071158525,Prevista,Prevista
2019,9,SC,SC,142377.041283779,75,89657.31984411919,195096.762723439,Prevista,Prevista
2019,9,SC,SC,142377.041283779,80,83644.4138762801,201109.668691278,Prevista,Prevista
2019,9,SC,SC,142377.041283779,85,76404.3033954925,208349.779172065,Prevista,Prevista
2019,9,SC,SC,142377.041283779,90,66994.5301083036,217759.552459254,Prevista,Prevista
2019,9,SC,SC,142377.041283779,95,52553.2390029947,232200.843564563,Prevista,Prevista
2019,9,SP,SP,23608.3650693737,70,0.0,51073.050478636505,Prevista,Prevista
2019,9,SP,SP,23608.3650693737,75,0.0,54091.736372375,Prevista,Prevista
2019,9,SP,SP,23608.3650693737,80,0.0,57568.4930816733,Prevista,Prevista
2019,9,SP,SP,23608.3650693737,85,0.0,61754.8387229947,Prevista,Prevista
2019,9,SP,SP,23608.3650693737,90,0.0,67195.7174901322,Prevista,Prevista
2019,9,SP,SP,23608.3650693737,95,0.0,75545.89891819059,Prevista,Prevista
2019,10,BA,BA_OESTE NORTE,127529.663122649,70,75270.218639841,179789.107605457,Prevista,Prevista
2019,10,BA,BA_OESTE NORTE,127529.663122649,75,69526.3025700191,185533.023675278,Prevista,Prevista
2019,10,BA,BA_OESTE NORTE,127529.663122649,80,62910.775338510306,192148.550906787,Prevista,Prevista
2019,10,BA,BA_OESTE NORTE,127529.663122649,85,54945.0515601962,200114.274685101,Prevista,Prevista
2019,10,BA,BA_OESTE NORTE,127529.663122649,90,44592.2185445662,210467.10770073102,Prevista,Prevista
2019,10,BA,BA_OESTE NORTE,127529.663122649,95,28703.6024450779,226355.72380022,Prevista,Prevista
2019,10,BA,BA_OESTE SUL,0.0,70,0.0,0.0,Prevista,Prevista
2019,10,BA,BA_OESTE SUL,0.0,75,0.0,0.0,Prevista,Prevista
2019,10,BA,BA_OESTE SUL,0.0,80,0.0,0.0,Prevista,Prevista
2019,10,BA,BA_OESTE SUL,0.0,85,0.0,0.0,Prevista,Prevista
2019,10,BA,BA_OESTE SUL,0.0,90,0.0,0.0,Prevista,Prevista
2019,10,BA,BA_OESTE SUL,0.0,95,0.0,0.0,Prevista,Prevista
2019,10,BA,BA_OUTROS,0.0,70,0.0,0.0,Prevista,Prevista
2019,10,BA,BA_OUTROS,0.0,75,0.0,0.0,Prevista,Prevista
2019,10,BA,BA_OUTROS,0.0,80,0.0,0.0,Prevista,Prevista
2019,10,BA,BA_OUTROS,0.0,85,0.0,0.0,Prevista,Prevista
2019,10,BA,BA_OUTROS,0.0,90,0.0,0.0,Prevista,Prevista
2019,10,BA,BA_OUTROS,0.0,95,0.0,0.0,Prevista,Prevista
2019,10,GO,GO_LESTE,46973.49027318655,70,4232.412054550906,89714.56849182218,Prevista,Prevista
2019,10,GO,GO_LESTE,46973.49027318655,75,0.0,94412.30625867311,Prevista,Prevista
2019,10,GO,GO_LESTE,46973.49027318655,80,0.0,99822.90274812593,Prevista,Prevista
2019,10,GO,GO_LESTE,46973.49027318655,85,0.0,106337.77535051217,Prevista,Prevista
2019,10,GO,GO_LESTE,46973.49027318655,90,0.0,114804.97683121468,Prevista,Prevista
2019,10,GO,GO_LESTE,46973.49027318655,95,0.0,127799.69176197717,Prevista,Prevista
2019,10,GO,GO_NOROESTE,0.0,70,0.0,0.0,Prevista,Prevista
2019,10,GO,GO_NOROESTE,0.0,75,0.0,0.0,Prevista,Prevista
2019,10,GO,GO_NOROESTE,0.0,80,0.0,0.0,Prevista,Prevista
2019,10,GO,GO_NOROESTE,0.0,85,0.0,0.0,Prevista,Prevista
2019,10,GO,GO_NOROESTE,0.0,90,0.0,0.0,Prevista,Prevista
2019,10,GO,GO_NOROESTE,0.0,95,0.0,0.0,Prevista,Prevista
2019,10,GO,GO_SUDOESTE,103341.67860101044,70,9311.306520011995,197372.05068200882,Prevista,Prevista
2019,10,GO,GO_SUDOESTE,103341.67860101044,75,0.0,207707.07376908086,Prevista,Prevista
2019,10,GO,GO_SUDOESTE,103341.67860101044,80,0.0,219610.38604587707,Prevista,Prevista
2019,10,GO,GO_SUDOESTE,103341.67860101044,85,0.0,233943.1057711268,Prevista,Prevista
2019,10,GO,GO_SUDOESTE,103341.67860101044,90,0.0,252570.94902867233,Prevista,Prevista
2019,10,GO,GO_SUDOESTE,103341.67860101044,95,0.0,281159.3218763498,Prevista,Prevista
2019,10,MG,MG_NOROESTE,0.0,70,0.0,0.0,Prevista,Prevista
2019,10,MG,MG_NOROESTE,0.0,75,0.0,0.0,Prevista,Prevista
2019,10,MG,MG_NOROESTE,0.0,80,0.0,0.0,Prevista,Prevista
2019,10,MG,MG_NOROESTE,0.0,85,0.0,0.0,Prevista,Prevista
2019,10,MG,MG_NOROESTE,0.0,90,0.0,0.0,Prevista,Prevista
2019,10,MG,MG_NOROESTE,0.0,95,0.0,0.0,Prevista,Prevista
2019,10,MG,MG_OUTROS,0.0,70,0.0,0.0,Prevista,Prevista
2019,10,MG,MG_OUTROS,0.0,75,0.0,0.0,Prevista,Prevista
2019,10,MG,MG_OUTROS,0.0,80,0.0,0.0,Prevista,Prevista
2019,10,MG,MG_OUTROS,0.0,85,0.0,0.0,Prevista,Prevista
2019,10,MG,MG_OUTROS,0.0,90,0.0,0.0,Prevista,Prevista
2019,10,MG,MG_OUTROS,0.0,95,0.0,0.0,Prevista,Prevista
2019,10,MG,MG_SUL,0.0,70,0.0,0.0,Prevista,Prevista
2019,10,MG,MG_SUL,0.0,75,0.0,0.0,Prevista,Prevista
2019,10,MG,MG_SUL,0.0,80,0.0,0.0,Prevista,Prevista
2019,10,MG,MG_SUL,0.0,85,0.0,0.0,Prevista,Prevista
2019,10,MG,MG_SUL,0.0,90,0.0,0.0,Prevista,Prevista
2019,10,MG,MG_SUL,0.0,95,0.0,0.0,Prevista,Prevista
2019,10,MG,MG_TRIÂNGULO,12597.854976646799,70,500.513434820528,24695.1965184731,Prevista,Prevista
2019,10,MG,MG_TRIÂNGULO,12597.854976646799,75,0.0,26024.8339681608,Prevista,Prevista
2019,10,MG,MG_TRIÂNGULO,12597.854976646799,80,0.0,27556.237395633998,Prevista,Prevista
2019,10,MG,MG_TRIÂNGULO,12597.854976646799,85,0.0,29400.1927251977,Prevista,Prevista
2019,10,MG,MG_TRIÂNGULO,12597.854976646799,90,0.0,31796.730961588102,Prevista,Prevista
2019,10,MG,MG_TRIÂNGULO,12597.854976646799,95,0.0,35474.7267283763,Prevista,Prevista
2019,10,MS,MS_NORTE,5102.906767045475,70,2200.614739553496,8005.198794537457,Prevista,Prevista
2019,10,MS,MS_NORTE,5102.906767045475,75,1881.6193506623881,8324.194183428575,Prevista,Prevista
2019,10,MS,MS_NORTE,5102.906767045475,80,1514.217972180828,8691.595561910137,Prevista,Prevista
2019,10,MS,MS_NORTE,5102.906767045475,85,1071.8317806741384,9133.981753416814,Prevista,Prevista
2019,10,MS,MS_NORTE,5102.906767045475,90,496.8745644124272,9708.938969678533,Prevista,Prevista
2019,10,MS,MS_NORTE,5102.906767045475,95,0.0,10591.332655447535,Prevista,Prevista
2019,10,MS,MS_SUL,37421.31629166682,70,16137.841423392305,58704.79115994135,Prevista,Prevista
2019,10,MS,MS_SUL,37421.31629166682,75,13798.541904857513,61044.09067847623,Prevista,Prevista
2019,10,MS,MS_SUL,37421.31629166682,80,11104.265129326071,63738.36745400767,Prevista,Prevista
2019,10,MS,MS_SUL,37421.31629166682,85,7860.099724943681,66982.53285838998,Prevista,Prevista
2019,10,MS,MS_SUL,37421.31629166682,90,3643.746805691133,71198.88577764257,Prevista,Prevista
2019,10,MS,MS_SUL,37421.31629166682,95,0.0,77669.77280661526,Prevista,Prevista
2019,10,MT,MT_MÉDIO NORTE,176685.4611433625,70,134966.08002793597,218404.84225878905,Prevista,Prevista
2019,10,MT,MT_MÉDIO NORTE,176685.4611433625,75,130380.6385640346,222990.2837226904,Prevista,Prevista
2019,10,MT,MT_MÉDIO NORTE,176685.4611433625,80,125099.37879209794,228271.54349462668,Prevista,Prevista
2019,10,MT,MT_MÉDIO NORTE,176685.4611433625,85,118740.2398946873,234630.6823920377,Prevista,Prevista
2019,10,MT,MT_MÉDIO NORTE,176685.4611433625,90,110475.44124483707,242895.48104188792,Prevista,Prevista
2019,10,MT,MT_MÉDIO NORTE,176685.4611433625,95,97791.35634857834,255579.56593814667,Prevista,Prevista
2019,10,MT,MT_NORDESTE,0.0,70,0.0,0.0,Prevista,Prevista
2019,10,MT,MT_NORDESTE,0.0,75,0.0,0.0,Prevista,Prevista
2019,10,MT,MT_NORDESTE,0.0,80,0.0,0.0,Prevista,Prevista
2019,10,MT,MT_NORDESTE,0.0,85,0.0,0.0,Prevista,Prevista
2019,10,MT,MT_NORDESTE,0.0,90,0.0,0.0,Prevista,Prevista
2019,10,MT,MT_NORDESTE,0.0,95,0.0,0.0,Prevista,Prevista
2019,10,MT,MT_NORDESTE_SUL,0.0,70,0.0,0.0,Prevista,Prevista
2019,10,MT,MT_NORDESTE_SUL,0.0,75,0.0,0.0,Prevista,Prevista
2019,10,MT,MT_NORDESTE_SUL,0.0,80,0.0,0.0,Prevista,Prevista
2019,10,MT,MT_NORDESTE_SUL,0.0,85,0.0,0.0,Prevista,Prevista
2019,10,MT,MT_NORDESTE_SUL,0.0,90,0.0,0.0,Prevista,Prevista
2019,10,MT,MT_NORDESTE_SUL,0.0,95,0.0,0.0,Prevista,Prevista
2019,10,MT,MT_NORTE,0.0,70,0.0,0.0,Prevista,Prevista
2019,10,MT,MT_NORTE,0.0,75,0.0,0.0,Prevista,Prevista
2019,10,MT,MT_NORTE,0.0,80,0.0,0.0,Prevista,Prevista
2019,10,MT,MT_NORTE,0.0,85,0.0,0.0,Prevista,Prevista
2019,10,MT,MT_NORTE,0.0,90,0.0,0.0,Prevista,Prevista
2019,10,MT,MT_NORTE,0.0,95,0.0,0.0,Prevista,Prevista
2019,10,MT,MT_OESTE,0.0,70,0.0,0.0,Prevista,Prevista
2019,10,MT,MT_OESTE,0.0,75,0.0,0.0,Prevista,Prevista
2019,10,MT,MT_OESTE,0.0,80,0.0,0.0,Prevista,Prevista
2019,10,MT,MT_OESTE,0.0,85,0.0,0.0,Prevista,Prevista
2019,10,MT,MT_OESTE,0.0,90,0.0,0.0,Prevista,Prevista
2019,10,MT,MT_OESTE,0.0,95,0.0,0.0,Prevista,Prevista
2019,10,MT,MT_SUDESTE,310722.7075279825,70,237354.14073878404,384091.2743171809,Prevista,Prevista
2019,10,MT,MT_SUDESTE,310722.7075279825,75,229290.08850916437,392155.32654680056,Prevista,Prevista
2019,10,MT,MT_SUDESTE,310722.7075279825,80,220002.35580679303,401443.05924917123,Prevista,Prevista
2019,10,MT,MT_SUDESTE,310722.7075279825,85,208819.04257341567,412626.3724825492,Prevista,Prevista
2019,10,MT,MT_SUDESTE,310722.7075279825,90,194284.39667195492,427161.01838401,Prevista,Prevista
2019,10,MT,MT_SUDESTE,310722.7075279825,95,171977.90254405164,449467.5125119133,Prevista,Prevista
2019,10,PR,PR,261384.779712941,70,201123.89914378198,321645.660282101,Prevista,Prevista
2019,10,PR,PR,261384.779712941,75,194500.532904275,328269.026521608,Prevista,Prevista
2019,10,PR,PR,261384.779712941,80,186872.10324251102,335897.456183372,Prevista,Prevista
2019,10,PR,PR,261384.779712941,85,177686.74863335802,345082.81079252396,Prevista,Prevista
2019,10,PR,PR,261384.779712941,90,165748.79483225,357020.764593632,Prevista,Prevista
2019,10,PR,PR,261384.779712941,95,147427.474989375,375342.084436507,Prevista,Prevista
2019,10,RS,RS,238525.90542920897,70,167617.231308268,309434.57955015,Prevista,Prevista
2019,10,RS,RS,238525.90542920897,75,159823.549672272,317228.261186146,Prevista,Prevista
2019,10,RS,RS,238525.90542920897,80,150847.214978328,326204.59588009,Prevista,Prevista
2019,10,RS,RS,238525.90542920897,85,140038.854554218,337012.956304199,Prevista,Prevista
2019,10,RS,RS,238525.90542920897,90,125991.52454910599,351060.286309311,Prevista,Prevista
2019,10,RS,RS,238525.90542920897,95,104432.919929764,372618.890928654,Prevista,Prevista
2019,10,SC,SC,49447.5648262056,70,0.0,101480.145069303,Prevista,Prevista
2019,10,SC,SC,49447.5648262056,75,0.0,107199.12614096199,Prevista,Prevista
2019,10,SC,SC,49447.5648262056,80,0.0,113785.934610331,Prevista,Prevista
2019,10,SC,SC,49447.5648262056,85,0.0,121717.078268504,Prevista,Prevista
2019,10,SC,SC,49447.5648262056,90,0.0,132024.968449127,Prevista,Prevista
2019,10,SC,SC,49447.5648262056,95,0.0,147844.61024460001,Prevista,Prevista
2019,10,SP,SP,7386.81003269042,70,0.0,36470.6572598413,Prevista,Prevista
2019,10,SP,SP,7386.81003269042,75,0.0,39667.307723954706,Prevista,Prevista
2019,10,SP,SP,7386.81003269042,80,0.0,43349.0342564967,Prevista,Prevista
2019,10,SP,SP,7386.81003269042,85,0.0,47782.1830531393,Prevista,Prevista
2019,10,SP,SP,7386.81003269042,90,0.0,53543.8251213753,Prevista,Prevista
2019,10,SP,SP,7386.81003269042,95,0.0,62386.28580693401,Prevista,Prevista
2019,11,BA,BA_OESTE NORTE,158273.853235607,70,105837.998126761,210709.708344452,Prevista,Prevista
2019,11,BA,BA_OESTE NORTE,158273.853235607,75,100074.692493199,216473.01397801397,Prevista,Prevista
2019,11,BA,BA_OESTE NORTE,158273.853235607,80,93436.8334265164,223110.873044697,Prevista,Prevista
2019,11,BA,BA_OESTE NORTE,158273.853235607,85,85444.2199953847,231103.48647582802,Prevista,Prevista
2019,11,BA,BA_OESTE NORTE,158273.853235607,90,75056.4392344882,241491.267236725,Prevista,Prevista
2019,11,BA,BA_OESTE NORTE,158273.853235607,95,59114.188414219294,257433.51805699398,Prevista,Prevista
2019,11,BA,BA_OESTE SUL,0.0,70,0.0,0.0,Prevista,Prevista
2019,11,BA,BA_OESTE SUL,0.0,75,0.0,0.0,Prevista,Prevista
2019,11,BA,BA_OESTE SUL,0.0,80,0.0,0.0,Prevista,Prevista
2019,11,BA,BA_OESTE SUL,0.0,85,0.0,0.0,Prevista,Prevista
2019,11,BA,BA_OESTE SUL,0.0,90,0.0,0.0,Prevista,Prevista
2019,11,BA,BA_OESTE SUL,0.0,95,0.0,0.0,Prevista,Prevista
2019,11,BA,BA_OUTROS,0.0,70,0.0,0.0,Prevista,Prevista
2019,11,BA,BA_OUTROS,0.0,75,0.0,0.0,Prevista,Prevista
2019,11,BA,BA_OUTROS,0.0,80,0.0,0.0,Prevista,Prevista
2019,11,BA,BA_OUTROS,0.0,85,0.0,0.0,Prevista,Prevista
2019,11,BA,BA_OUTROS,0.0,90,0.0,0.0,Prevista,Prevista
2019,11,BA,BA_OUTROS,0.0,95,0.0,0.0,Prevista,Prevista
2019,11,GO,GO_LESTE,53391.61912067343,70,7225.992662300405,99557.24557904623,Prevista,Prevista
2019,11,GO,GO_LESTE,53391.61912067343,75,2151.857521524493,104631.38071982218,Prevista,Prevista
2019,11,GO,GO_LESTE,53391.61912067343,80,0.0,110475.49104318215,Prevista,Prevista
2019,11,GO,GO_LESTE,53391.61912067343,85,0.0,117512.35551925217,Prevista,Prevista
2019,11,GO,GO_LESTE,53391.61912067343,90,0.0,126657.97554096371,Prevista,Prevista
2019,11,GO,GO_LESTE,53391.61912067343,95,0.0,140693.86748449123,Prevista,Prevista
2019,11,GO,GO_NOROESTE,0.0,70,0.0,0.0,Prevista,Prevista
2019,11,GO,GO_NOROESTE,0.0,75,0.0,0.0,Prevista,Prevista
2019,11,GO,GO_NOROESTE,0.0,80,0.0,0.0,Prevista,Prevista
2019,11,GO,GO_NOROESTE,0.0,85,0.0,0.0,Prevista,Prevista
2019,11,GO,GO_NOROESTE,0.0,90,0.0,0.0,Prevista,Prevista
2019,11,GO,GO_NOROESTE,0.0,95,0.0,0.0,Prevista,Prevista
2019,11,GO,GO_SUDOESTE,117461.56206548157,70,15897.183857060892,219025.94027390174,Prevista,Prevista
2019,11,GO,GO_SUDOESTE,117461.56206548157,75,4734.086547353886,230189.03758360882,Prevista,Prevista
2019,11,GO,GO_SUDOESTE,117461.56206548157,80,0.0,243046.08029500078,Prevista,Prevista
2019,11,GO,GO_SUDOESTE,117461.56206548157,85,0.0,258527.18214235484,Prevista,Prevista
2019,11,GO,GO_SUDOESTE,117461.56206548157,90,0.0,278647.5461901202,Prevista,Prevista
2019,11,GO,GO_SUDOESTE,117461.56206548157,95,0.0,309526.50846588076,Prevista,Prevista
2019,11,MG,MG_NOROESTE,0.0,70,0.0,0.0,Prevista,Prevista
2019,11,MG,MG_NOROESTE,0.0,75,0.0,0.0,Prevista,Prevista
2019,11,MG,MG_NOROESTE,0.0,80,0.0,0.0,Prevista,Prevista
2019,11,MG,MG_NOROESTE,0.0,85,0.0,0.0,Prevista,Prevista
2019,11,MG,MG_NOROESTE,0.0,90,0.0,0.0,Prevista,Prevista
2019,11,MG,MG_NOROESTE,0.0,95,0.0,0.0,Prevista,Prevista
2019,11,MG,MG_OUTROS,0.0,70,0.0,0.0,Prevista,Prevista
2019,11,MG,MG_OUTROS,0.0,75,0.0,0.0,Prevista,Prevista
2019,11,MG,MG_OUTROS,0.0,80,0.0,0.0,Prevista,Prevista
2019,11,MG,MG_OUTROS,0.0,85,0.0,0.0,Prevista,Prevista
2019,11,MG,MG_OUTROS,0.0,90,0.0,0.0,Prevista,Prevista
2019,11,MG,MG_OUTROS,0.0,95,0.0,0.0,Prevista,Prevista
2019,11,MG,MG_SUL,0.0,70,0.0,0.0,Prevista,Prevista
2019,11,MG,MG_SUL,0.0,75,0.0,0.0,Prevista,Prevista
2019,11,MG,MG_SUL,0.0,80,0.0,0.0,Prevista,Prevista
2019,11,MG,MG_SUL,0.0,85,0.0,0.0,Prevista,Prevista
2019,11,MG,MG_SUL,0.0,90,0.0,0.0,Prevista,Prevista
2019,11,MG,MG_SUL,0.0,95,0.0,0.0,Prevista,Prevista
2019,11,MG,MG_TRIÂNGULO,21988.7084142181,70,9891.366897752521,34086.0499306836,Prevista,Prevista
2019,11,MG,MG_TRIÂNGULO,21988.7084142181,75,8561.729450852192,35415.687377584,Prevista,Prevista
2019,11,MG,MG_TRIÂNGULO,21988.7084142181,80,7030.3260265894605,36947.0908018467,Prevista,Prevista
2019,11,MG,MG_TRIÂNGULO,21988.7084142181,85,5186.37070089138,38791.0461275448,Prevista,Prevista
2019,11,MG,MG_TRIÂNGULO,21988.7084142181,90,2789.83246952503,41187.584358911095,Prevista,Prevista
2019,11,MG,MG_TRIÂNGULO,21988.7084142181,95,0.0,44865.5801179888,Prevista,Prevista
2019,11,MS,MS_NORTE,4303.627681550016,70,1367.1184254466918,7240.1369376533285,Prevista,Prevista
2019,11,MS,MS_NORTE,4303.627681550016,75,1044.362168233482,7562.893194866544,Prevista,Prevista
2019,11,MS,MS_NORTE,4303.627681550016,80,672.6292280618712,7934.626135038156,Prevista,Prevista
2019,11,MS,MS_NORTE,4303.627681550016,85,225.02742444382798,8382.227938656191,Prevista,Prevista
2019,11,MS,MS_NORTE,4303.627681550016,90,0.0,8963.96374312482,Prevista,Prevista
2019,11,MS,MS_NORTE,4303.627681550016,95,0.0,9856.760608927103,Prevista,Prevista
2019,11,MS,MS_SUL,31559.936331366785,70,10025.535119942408,53094.33754279108,Prevista,Prevista
2019,11,MS,MS_SUL,31559.936331366785,75,7658.655900378868,55461.21676235466,Prevista,Prevista
2019,11,MS,MS_SUL,31559.936331366785,80,4932.61433912039,58187.25832361315,Prevista,Prevista
2019,11,MS,MS_SUL,31559.936331366785,85,1650.201112588072,61469.67155014541,Prevista,Prevista
2019,11,MS,MS_SUL,31559.936331366785,90,0.0,65735.73411624868,Prevista,Prevista
2019,11,MS,MS_SUL,31559.936331366785,95,0.0,72282.9111321321,Prevista,Prevista
2019,11,MT,MT_MÉDIO NORTE,178658.49567464064,70,135868.9166582022,221448.07469107947,Prevista,Prevista
2019,11,MT,MT_MÉDIO NORTE,178658.49567464064,75,131165.8480939297,226151.14325535198,Prevista,Prevista
2019,11,MT,MT_MÉDIO NORTE,178658.49567464064,80,125749.11188462726,231567.87946465408,Prevista,Prevista
2019,11,MT,MT_MÉDIO NORTE,178658.49567464064,85,119226.84647578953,238090.14487349213,Prevista,Prevista
2019,11,MT,MT_MÉDIO NORTE,178658.49567464064,90,110750.03676702923,246566.95458225242,Prevista,Prevista
2019,11,MT,MT_MÉDIO NORTE,178658.49567464064,95,97740.57597426146,259576.4153750202,Prevista,Prevista
2019,11,MT,MT_NORDESTE,0.0,70,0.0,0.0,Prevista,Prevista
2019,11,MT,MT_NORDESTE,0.0,75,0.0,0.0,Prevista,Prevista
2019,11,MT,MT_NORDESTE,0.0,80,0.0,0.0,Prevista,Prevista
2019,11,MT,MT_NORDESTE,0.0,85,0.0,0.0,Prevista,Prevista
2019,11,MT,MT_NORDESTE,0.0,90,0.0,0.0,Prevista,Prevista
2019,11,MT,MT_NORDESTE,0.0,95,0.0,0.0,Prevista,Prevista
2019,11,MT,MT_NORDESTE_SUL,0.0,70,0.0,0.0,Prevista,Prevista
2019,11,MT,MT_NORDESTE_SUL,0.0,75,0.0,0.0,Prevista,Prevista
2019,11,MT,MT_NORDESTE_SUL,0.0,80,0.0,0.0,Prevista,Prevista
2019,11,MT,MT_NORDESTE_SUL,0.0,85,0.0,0.0,Prevista,Prevista
2019,11,MT,MT_NORDESTE_SUL,0.0,90,0.0,0.0,Prevista,Prevista
2019,11,MT,MT_NORDESTE_SUL,0.0,95,0.0,0.0,Prevista,Prevista
2019,11,MT,MT_NORTE,0.0,70,0.0,0.0,Prevista,Prevista
2019,11,MT,MT_NORTE,0.0,75,0.0,0.0,Prevista,Prevista
2019,11,MT,MT_NORTE,0.0,80,0.0,0.0,Prevista,Prevista
2019,11,MT,MT_NORTE,0.0,85,0.0,0.0,Prevista,Prevista
2019,11,MT,MT_NORTE,0.0,90,0.0,0.0,Prevista,Prevista
2019,11,MT,MT_NORTE,0.0,95,0.0,0.0,Prevista,Prevista
2019,11,MT,MT_OESTE,0.0,70,0.0,0.0,Prevista,Prevista
2019,11,MT,MT_OESTE,0.0,75,0.0,0.0,Prevista,Prevista
2019,11,MT,MT_OESTE,0.0,80,0.0,0.0,Prevista,Prevista
2019,11,MT,MT_OESTE,0.0,85,0.0,0.0,Prevista,Prevista
2019,11,MT,MT_OESTE,0.0,90,0.0,0.0,Prevista,Prevista
2019,11,MT,MT_OESTE,0.0,95,0.0,0.0,Prevista,Prevista
2019,11,MT,MT_SUDESTE,314192.5268760923,70,238941.8879161488,389443.1658360365,Prevista,Prevista
2019,11,MT,MT_SUDESTE,314192.5268760923,75,230670.97423415232,397714.07951803296,Prevista,Prevista
2019,11,MT,MT_SUDESTE,314192.5268760923,80,221144.98986606873,407240.06388611597,Prevista,Prevista
2019,11,MT,MT_SUDESTE,314192.5268760923,85,209674.79897466442,418710.25477752084,Prevista,Prevista
2019,11,MT,MT_SUDESTE,314192.5268760923,90,194767.30603856873,433617.7477136165,Prevista,Prevista
2019,11,MT,MT_SUDESTE,314192.5268760923,95,171888.59912714953,456496.45462503575,Prevista,Prevista
2019,11,PR,PR,233151.41538735802,70,172890.534869662,293412.29590505303,Prevista,Prevista
2019,11,PR,PR,233151.41538735802,75,166267.168635812,300035.662138904,Prevista,Prevista
2019,11,PR,PR,233151.41538735802,80,158638.738980562,307664.09179415304,Prevista,Prevista
2019,11,PR,PR,233151.41538735802,85,149453.384379254,316849.44639546104,Prevista,Prevista
2019,11,PR,PR,233151.41538735802,90,137515.430588342,328787.40018637397,Prevista,Prevista
2019,11,PR,PR,233151.41538735802,95,119194.11076111301,347108.720013602,Prevista,Prevista
2019,11,RS,RS,157656.11484677,70,86733.3510765727,228578.87861696602,Prevista,Prevista
2019,11,RS,RS,157656.11484677,75,78938.1208255158,236374.108868023,Prevista,Prevista
2019,11,RS,RS,157656.11484677,80,69960.00252175241,245352.227171787,Prevista,Prevista
2019,11,RS,RS,157656.11484677,85,59149.49446183861,256162.73523170102,Prevista,Prevista
2019,11,RS,RS,157656.11484677,90,45099.3732332945,270212.856460245,Prevista,Prevista
2019,11,RS,RS,157656.11484677,95,23536.4848901154,291775.744803424,Prevista,Prevista
2019,11,SC,SC,7729.879507719459,70,0.0,63931.489577409906,Prevista,Prevista
2019,11,SC,SC,7729.879507719459,75,0.0,70108.6951413794,Prevista,Prevista
2019,11,SC,SC,7729.879507719459,80,0.0,77223.2614279191,Prevista,Prevista
2019,11,SC,SC,7729.879507719459,85,0.0,85789.8756761618,Prevista,Prevista
2019,11,SC,SC,7729.879507719459,90,0.0,96923.66957732869,Prevista,Prevista
2019,11,SC,SC,7729.879507719459,95,0.0,114010.83564669301,Prevista,Prevista
2019,11,SP,SP,0.0,70,0.0,17902.3727952336,Prevista,Prevista
2019,11,SP,SP,0.0,75,0.0,21267.589421395,Prevista,Prevista
2019,11,SP,SP,0.0,80,0.0,25143.4612063717,Prevista,Prevista
2019,11,SP,SP,0.0,85,0.0,29810.3793459021,Prevista,Prevista
2019,11,SP,SP,0.0,90,0.0,35875.8450262096,Prevista,Prevista
2019,11,SP,SP,0.0,95,0.0,45184.5874268192,Prevista,Prevista
2019,12,BA,BA_OESTE NORTE,90112.9566068534,70,39270.6073322136,140955.305881493,Prevista,Prevista
2019,12,BA,BA_OESTE NORTE,90112.9566068534,75,33682.4463803272,146543.46683338,Prevista,Prevista
2019,12,BA,BA_OESTE NORTE,90112.9566068534,80,27246.3093438741,152979.603869833,Prevista,Prevista
2019,12,BA,BA_OESTE NORTE,90112.9566068534,85,19496.588416481,160729.324797226,Prevista,Prevista
2019,12,BA,BA_OESTE NORTE,90112.9566068534,90,9424.488389932809,170801.424823774,Prevista,Prevista
2019,12,BA,BA_OESTE NORTE,90112.9566068534,95,0.0,186259.19666225198,Prevista,Prevista
2019,12,BA,BA_OESTE SUL,0.0,70,0.0,0.0,Prevista,Prevista
2019,12,BA,BA_OESTE SUL,0.0,75,0.0,0.0,Prevista,Prevista
2019,12,BA,BA_OESTE SUL,0.0,80,0.0,0.0,Prevista,Prevista
2019,12,BA,BA_OESTE SUL,0.0,85,0.0,0.0,Prevista,Prevista
2019,12,BA,BA_OESTE SUL,0.0,90,0.0,0.0,Prevista,Prevista
2019,12,BA,BA_OESTE SUL,0.0,95,0.0,0.0,Prevista,Prevista
2019,12,BA,BA_OUTROS,0.0,70,0.0,0.0,Prevista,Prevista
2019,12,BA,BA_OUTROS,0.0,75,0.0,0.0,Prevista,Prevista
2019,12,BA,BA_OUTROS,0.0,80,0.0,0.0,Prevista,Prevista
2019,12,BA,BA_OUTROS,0.0,85,0.0,0.0,Prevista,Prevista
2019,12,BA,BA_OUTROS,0.0,90,0.0,0.0,Prevista,Prevista
2019,12,BA,BA_OUTROS,0.0,95,0.0,0.0,Prevista,Prevista
2019,12,GO,GO_LESTE,35593.34167431437,70,0.0,84946.45577057342,Prevista,Prevista
2019,12,GO,GO_LESTE,35593.34167431437,75,0.0,90370.93258923749,Prevista,Prevista
2019,12,GO,GO_LESTE,35593.34167431437,80,0.0,96618.5472260706,Prevista,Prevista
2019,12,GO,GO_LESTE,35593.34167431437,85,0.0,104141.26925997497,Prevista,Prevista
2019,12,GO,GO_LESTE,35593.34167431437,90,0.0,113918.34504209497,Prevista,Prevista
2019,12,GO,GO_LESTE,35593.34167431437,95,0.0,128923.33965981747,Prevista,Prevista
2019,12,GO,GO_NOROESTE,0.0,70,0.0,0.0,Prevista,Prevista
2019,12,GO,GO_NOROESTE,0.0,75,0.0,0.0,Prevista,Prevista
2019,12,GO,GO_NOROESTE,0.0,80,0.0,0.0,Prevista,Prevista
2019,12,GO,GO_NOROESTE,0.0,85,0.0,0.0,Prevista,Prevista
2019,12,GO,GO_NOROESTE,0.0,90,0.0,0.0,Prevista,Prevista
2019,12,GO,GO_NOROESTE,0.0,95,0.0,0.0,Prevista,Prevista
2019,12,GO,GO_SUDOESTE,78305.35168349162,70,0.0,186882.20269526154,Prevista,Prevista
2019,12,GO,GO_SUDOESTE,78305.35168349162,75,0.0,198816.0516963225,Prevista,Prevista
2019,12,GO,GO_SUDOESTE,78305.35168349162,80,0.0,212560.80389735536,Prevista,Prevista
2019,12,GO,GO_SUDOESTE,78305.35168349162,85,0.0,229110.792371945,Prevista,Prevista
2019,12,GO,GO_SUDOESTE,78305.35168349162,90,0.0,250620.35909260897,Prevista,Prevista
2019,12,GO,GO_SUDOESTE,78305.35168349162,95,0.0,283631.3472515985,Prevista,Prevista
2019,12,MG,MG_NOROESTE,0.0,70,0.0,0.0,Prevista,Prevista
2019,12,MG,MG_NOROESTE,0.0,75,0.0,0.0,Prevista,Prevista
2019,12,MG,MG_NOROESTE,0.0,80,0.0,0.0,Prevista,Prevista
2019,12,MG,MG_NOROESTE,0.0,85,0.0,0.0,Prevista,Prevista
2019,12,MG,MG_NOROESTE,0.0,90,0.0,0.0,Prevista,Prevista
2019,12,MG,MG_NOROESTE,0.0,95,0.0,0.0,Prevista,Prevista
2019,12,MG,MG_OUTROS,0.0,70,0.0,0.0,Prevista,Prevista
2019,12,MG,MG_OUTROS,0.0,75,0.0,0.0,Prevista,Prevista
2019,12,MG,MG_OUTROS,0.0,80,0.0,0.0,Prevista,Prevista
2019,12,MG,MG_OUTROS,0.0,85,0.0,0.0,Prevista,Prevista
2019,12,MG,MG_OUTROS,0.0,90,0.0,0.0,Prevista,Prevista
2019,12,MG,MG_OUTROS,0.0,95,0.0,0.0,Prevista,Prevista
2019,12,MG,MG_SUL,0.0,70,0.0,0.0,Prevista,Prevista
2019,12,MG,MG_SUL,0.0,75,0.0,0.0,Prevista,Prevista
2019,12,MG,MG_SUL,0.0,80,0.0,0.0,Prevista,Prevista
2019,12,MG,MG_SUL,0.0,85,0.0,0.0,Prevista,Prevista
2019,12,MG,MG_SUL,0.0,90,0.0,0.0,Prevista,Prevista
2019,12,MG,MG_SUL,0.0,95,0.0,0.0,Prevista,Prevista
2019,12,MG,MG_TRIÂNGULO,11030.257340987,70,0.0,23117.2567640472,Prevista,Prevista
2019,12,MG,MG_TRIÂNGULO,11030.257340987,75,0.0,24445.757495525097,Prevista,Prevista
2019,12,MG,MG_TRIÂNGULO,11030.257340987,80,0.0,25975.8517133615,Prevista,Prevista
2019,12,MG,MG_TRIÂNGULO,11030.257340987,85,0.0,27818.2306300455,Prevista,Prevista
2019,12,MG,MG_TRIÂNGULO,11030.257340987,90,0.0,30212.7200457935,Prevista,Prevista
2019,12,MG,MG_TRIÂNGULO,11030.257340987,95,0.0,33887.5714631468,Prevista,Prevista
2019,12,MS,MS_NORTE,1810.665151792596,70,0.0,4780.997510978315,Prevista,Prevista
2019,12,MS,MS_NORTE,1810.665151792596,75,0.0,5107.471317569411,Prevista,Prevista
2019,12,MS,MS_NORTE,1810.665151792596,80,0.0,5483.48592704904,Prevista,Prevista
2019,12,MS,MS_NORTE,1810.665151792596,85,0.0,5936.243267606785,Prevista,Prevista
2019,12,MS,MS_NORTE,1810.665151792596,90,0.0,6524.6795822271715,Prevista,Prevista
2019,12,MS,MS_NORTE,1810.665151792596,95,0.0,7427.759800741836,Prevista,Prevista
2019,12,MS,MS_SUL,13278.211113145704,70,0.0,35060.64841384098,Prevista,Prevista
2019,12,MS,MS_SUL,13278.211113145704,75,0.0,37454.78966217569,Prevista,Prevista
2019,12,MS,MS_SUL,13278.211113145704,80,0.0,40212.23013169296,Prevista,Prevista
2019,12,MS,MS_SUL,13278.211113145704,85,0.0,43532.45062911642,Prevista,Prevista
2019,12,MS,MS_SUL,13278.211113145704,90,0.0,47847.65026966592,Prevista,Prevista
2019,12,MS,MS_SUL,13278.211113145704,95,0.0,54470.23853877347,Prevista,Prevista
2019,12,MT,MT_MÉDIO NORTE,206302.3415347862,70,162497.2121921649,250107.47087740788,Prevista,Prevista
2019,12,MT,MT_MÉDIO NORTE,206302.3415347862,75,157682.52292667722,254922.16014289515,Prevista,Prevista
2019,12,MT,MT_MÉDIO NORTE,206302.3415347862,80,152137.2281208512,260467.45494872154,Prevista,Prevista
2019,12,MT,MT_MÉDIO NORTE,206302.3415347862,85,145460.16593869508,267144.51713087765,Prevista,Prevista
2019,12,MT,MT_MÉDIO NORTE,206302.3415347862,90,136782.17110349488,275822.51196607784,Prevista,Prevista
2019,12,MT,MT_MÉDIO NORTE,206302.3415347862,95,123463.9491016841,289140.7339678887,Prevista,Prevista
2019,12,MT,MT_NORDESTE,0.0,70,0.0,0.0,Prevista,Prevista
2019,12,MT,MT_NORDESTE,0.0,75,0.0,0.0,Prevista,Prevista
2019,12,MT,MT_NORDESTE,0.0,80,0.0,0.0,Prevista,Prevista
2019,12,MT,MT_NORDESTE,0.0,85,0.0,0.0,Prevista,Prevista
2019,12,MT,MT_NORDESTE,0.0,90,0.0,0.0,Prevista,Prevista
2019,12,MT,MT_NORDESTE,0.0,95,0.0,0.0,Prevista,Prevista
2019,12,MT,MT_NORDESTE_SUL,0.0,70,0.0,0.0,Prevista,Prevista
2019,12,MT,MT_NORDESTE_SUL,0.0,75,0.0,0.0,Prevista,Prevista
2019,12,MT,MT_NORDESTE_SUL,0.0,80,0.0,0.0,Prevista,Prevista
2019,12,MT,MT_NORDESTE_SUL,0.0,85,0.0,0.0,Prevista,Prevista
2019,12,MT,MT_NORDESTE_SUL,0.0,90,0.0,0.0,Prevista,Prevista
2019,12,MT,MT_NORDESTE_SUL,0.0,95,0.0,0.0,Prevista,Prevista
2019,12,MT,MT_NORTE,0.0,70,0.0,0.0,Prevista,Prevista
2019,12,MT,MT_NORTE,0.0,75,0.0,0.0,Prevista,Prevista
2019,12,MT,MT_NORTE,0.0,80,0.0,0.0,Prevista,Prevista
2019,12,MT,MT_NORTE,0.0,85,0.0,0.0,Prevista,Prevista
2019,12,MT,MT_NORTE,0.0,90,0.0,0.0,Prevista,Prevista
2019,12,MT,MT_NORTE,0.0,95,0.0,0.0,Prevista,Prevista
2019,12,MT,MT_OESTE,0.0,70,0.0,0.0,Prevista,Prevista
2019,12,MT,MT_OESTE,0.0,75,0.0,0.0,Prevista,Prevista
2019,12,MT,MT_OESTE,0.0,80,0.0,0.0,Prevista,Prevista
2019,12,MT,MT_OESTE,0.0,85,0.0,0.0,Prevista,Prevista
2019,12,MT,MT_OESTE,0.0,90,0.0,0.0,Prevista,Prevista
2019,12,MT,MT_OESTE,0.0,95,0.0,0.0,Prevista,Prevista
2019,12,MT,MT_SUDESTE,362807.5661473828,70,285770.9593724281,439844.1729223382,Prevista,Prevista
2019,12,MT,MT_SUDESTE,362807.5661473828,75,277303.7472158807,448311.3850788848,Prevista,Prevista
2019,12,MT,MT_SUDESTE,362807.5661473828,80,267551.6770401178,458063.45525464846,Prevista,Prevista
2019,12,MT,MT_SUDESTE,362807.5661473828,85,255809.2573404639,469805.87495430233,Prevista,Prevista
2019,12,MT,MT_SUDESTE,362807.5661473828,90,240547.95607856006,485067.1762162061,Prevista,Prevista
2019,12,MT,MT_SUDESTE,362807.5661473828,95,217126.2553167549,508488.87697801134,Prevista,Prevista
2019,12,PR,PR,291110.775161699,70,230827.154968668,351394.395354731,Prevista,Prevista
2019,12,PR,PR,291110.775161699,75,224201.28938206198,358020.26094133704,Prevista,Prevista
2019,12,PR,PR,291110.775161699,80,216569.98110950398,365651.569213895,Prevista,Prevista
2019,12,PR,PR,291110.775161699,85,207381.16037926302,374840.389944136,Prevista,Prevista
2019,12,PR,PR,291110.775161699,90,195438.701755513,386782.848567886,Prevista,Prevista
2019,12,PR,PR,291110.775161699,95,177110.46830769,405111.08201570896,Prevista,Prevista
2019,12,RS,RS,179660.867345085,70,109567.14548974801,249754.589200423,Prevista,Prevista
2019,12,RS,RS,179660.867345085,75,101863.03651302599,257458.698177145,Prevista,Prevista
2019,12,RS,RS,179660.867345085,80,92989.8666911701,266331.867999001,Prevista,Prevista
2019,12,RS,RS,179660.867345085,85,82305.7265817725,277016.008108398,Prevista,Prevista
2019,12,RS,RS,179660.867345085,90,68419.8423173301,290901.892372841,Prevista,Prevista
2019,12,RS,RS,179660.867345085,95,47109.0103985149,312212.724291656,Prevista,Prevista
2019,12,SC,SC,3426.54293013601,70,0.0,63508.5913477096,Prevista,Prevista
2019,12,SC,SC,3426.54293013601,75,0.0,70112.3018698727,Prevista,Prevista
2019,12,SC,SC,3426.54293013601,80,0.0,77718.0931553513,Prevista,Prevista
2019,12,SC,SC,3426.54293013601,85,0.0,86876.1890070425,Prevista,Prevista
2019,12,SC,SC,3426.54293013601,90,0.0,98778.71534768821,Prevista,Prevista
2019,12,SC,SC,3426.54293013601,95,0.0,117045.66424516,Prevista,Prevista
2019,12,SP,SP,7995.368545452109,70,0.0,40073.2816693361,Prevista,Prevista
2019,12,SP,SP,7995.368545452109,75,0.0,43599.0145297236,Prevista,Prevista
2019,12,SP,SP,7995.368545452109,80,0.0,47659.76010215,Prevista,Prevista
2019,12,SP,SP,7995.368545452109,85,0.0,52549.2838592133,Prevista,Prevista
2019,12,SP,SP,7995.368545452109,90,0.0,58904.0639635198,Prevista,Prevista
2019,12,SP,SP,7995.368545452109,95,0.0,68656.8206554858,Prevista,Prevista
