Year,Month,UF,Zonas,Conf,Low,High
2019,5,BA,BA_OESTE NORTE,70,296.9544271056352,675.7401375366055
2019,5,BA,BA_OESTE NORTE,75,283.82668889902413,706.9597576994435
2019,5,BA,BA_OESTE NORTE,80,269.4230598369875,744.7067551827558
2019,5,BA,BA_OESTE NORTE,85,253.04442515017305,792.8396728291049
2019,5,BA,BA_OESTE NORTE,90,233.2333839293529,860.0720087214542
2019,5,BA,BA_OESTE NORTE,95,205.79705562707366,974.5014338033576
2019,5,BA,BA_OESTE SUL,70,66.42988828544729,151.16576063229076
2019,5,BA,BA_OESTE SUL,75,63.49316095322418,158.14971402859314
2019,5,BA,BA_OESTE SUL,80,60.27101175402823,166.59386773381976
2019,5,BA,BA_OESTE SUL,85,56.607045928975246,177.36139315266854
2019,5,BA,BA_OESTE SUL,90,52.17523708899685,192.40153451722094
2019,5,BA,BA_OESTE SUL,95,46.03762115294981,217.99985274688896
2019,5,BA,BA_OUTROS,70,0.9741577525745246,2.216762686864714
2019,5,BA,BA_OUTROS,75,0.931092262450716,2.3191785198613437
2019,5,BA,BA_OUTROS,80,0.88384121772728,2.443007386779361
2019,5,BA,BA_OUTROS,85,0.8301111753357229,2.6009072212295217
2019,5,BA,BA_OUTROS,90,0.7651211377062446,2.8214626171250945
2019,5,BA,BA_OUTROS,95,0.6751163777895401,3.1968478661435515
2019,5,GO,GO_LESTE,70,0.0,0.0
2019,5,GO,GO_LESTE,75,0.0,0.0
2019,5,GO,GO_LESTE,80,0.0,0.0
2019,5,GO,GO_LESTE,85,0.0,0.0
2019,5,GO,GO_LESTE,90,0.0,0.0
2019,5,GO,GO_LESTE,95,0.0,0.0
2019,5,GO,GO_NOROESTE,70,0.0,0.0
2019,5,GO,GO_NOROESTE,75,0.0,0.0
2019,5,GO,GO_NOROESTE,80,0.0,0.0
2019,5,GO,GO_NOROESTE,85,0.0,0.0
2019,5,GO,GO_NOROESTE,90,0.0,0.0
2019,5,GO,GO_NOROESTE,95,0.0,0.0
2019,5,GO,GO_SUDOESTE,70,0.0,0.0
2019,5,GO,GO_SUDOESTE,75,0.0,0.0
2019,5,GO,GO_SUDOESTE,80,0.0,0.0
2019,5,GO,GO_SUDOESTE,85,0.0,0.0
2019,5,GO,GO_SUDOESTE,90,0.0,0.0
2019,5,GO,GO_SUDOESTE,95,0.0,0.0
2019,5,MA,MA_OUTROS,70,12.961217071968814,64.74082666237881
2019,5,MA,MA_OUTROS,75,11.860301472016301,70.70933012218651
2019,5,MA,MA_OUTROS,80,10.706814619101655,78.2674050296738
2019,5,MA,MA_OUTROS,85,9.464540703413734,88.44617861924802
2019,5,MA,MA_OUTROS,90,8.060898931690195,103.67605147404434
2019,5,MA,MA_OUTROS,95,6.296710808059637,132.2977954839695
2019,5,MA,MA_SUL,70,64.77608742438811,323.55429467183427
2019,5,MA,MA_SUL,75,59.274057425706495,353.38299823867754
2019,5,MA,MA_SUL,80,53.50929283512845,391.1558800790943
2019,5,MA,MA_SUL,85,47.30079842285067,442.02618988489695
2019,5,MA,MA_SUL,90,40.28583820631942,518.1403055598956
2019,5,MA,MA_SUL,95,31.468980692490163,661.1827823528365
2019,5,MG,MG_NOROESTE,70,19.14063753962132,172.4720022535923
2019,5,MG,MG_NOROESTE,75,16.78379464447918,193.72768515596022
2019,5,MG,MG_NOROESTE,80,14.383673821528161,221.42517507783288
2019,5,MG,MG_NOROESTE,85,11.884013493179767,260.0083046295716
2019,5,MG,MG_NOROESTE,90,9.17576856667039,320.2486852364044
2019,5,MG,MG_NOROESTE,95,5.968746609338954,440.6459334325108
2019,5,MG,MG_OUTROS,70,1.5012110082150547,13.527076507040265
2019,5,MG,MG_OUTROS,75,1.3163624893766996,15.19417171711938
2019,5,MG,MG_OUTROS,80,1.128119658227433,17.366501488506056
2019,5,MG,MG_OUTROS,85,0.9320698874741176,20.392598121628115
2019,5,MG,MG_OUTROS,90,0.719660708929123,25.117285181755747
2019,5,MG,MG_OUTROS,95,0.46813216626864734,34.56010932889598
2019,5,MG,MG_SUL,70,5.037888760980885,45.39528842436002
2019,5,MG,MG_SUL,75,4.417558727132434,50.98986518697559
2019,5,MG,MG_SUL,80,3.7858377777172683,58.27995011209582
2019,5,MG,MG_SUL,85,3.127917651055421,68.43517688183171
2019,5,MG,MG_SUL,90,2.415097263071886,84.29067468268384
2019,5,MG,MG_SUL,95,1.5709968593306525,115.97968933983044
2019,5,MG,MG_TRIÂNGULO,70,30.610949627408136,275.82841805526334
2019,5,MG,MG_TRIÂNGULO,75,26.84173352927298,309.82188547627675
2019,5,MG,MG_TRIÂNGULO,80,23.003304560595033,354.11750870455415
2019,5,MG,MG_TRIÂNGULO,85,19.00568555556909,415.8221532197234
2019,5,MG,MG_TRIÂNGULO,90,14.674484525694602,512.162479004302
2019,5,MG,MG_TRIÂNGULO,95,9.545606901495745,704.7095711364526
2019,5,MS,MS_NORTE,70,0.0,0.0
2019,5,MS,MS_NORTE,75,0.0,0.0
2019,5,MS,MS_NORTE,80,0.0,0.0
2019,5,MS,MS_NORTE,85,0.0,0.0
2019,5,MS,MS_NORTE,90,0.0,0.0
2019,5,MS,MS_NORTE,95,0.0,0.0
2019,5,MS,MS_SUL,70,0.0,0.0
2019,5,MS,MS_SUL,75,0.0,0.0
2019,5,MS,MS_SUL,80,0.0,0.0
2019,5,MS,MS_SUL,85,0.0,0.0
2019,5,MS,MS_SUL,90,0.0,0.0
2019,5,MS,MS_SUL,95,0.0,0.0
2019,5,MT,MT_MÉDIO NORTE,70,0.0,0.0
2019,5,MT,MT_MÉDIO NORTE,75,0.0,0.0
2019,5,MT,MT_MÉDIO NORTE,80,0.0,0.0
2019,5,MT,MT_MÉDIO NORTE,85,0.0,0.0
2019,5,MT,MT_MÉDIO NORTE,90,0.0,0.0
2019,5,MT,MT_MÉDIO NORTE,95,0.0,0.0
2019,5,MT,MT_NORDESTE,70,0.0,0.0
2019,5,MT,MT_NORDESTE,75,0.0,0.0
2019,5,MT,MT_NORDESTE,80,0.0,0.0
2019,5,MT,MT_NORDESTE,85,0.0,0.0
2019,5,MT,MT_NORDESTE,90,0.0,0.0
2019,5,MT,MT_NORDESTE,95,0.0,0.0
2019,5,MT,MT_NORDESTE_SUL,70,0.0,0.0
2019,5,MT,MT_NORDESTE_SUL,75,0.0,0.0
2019,5,MT,MT_NORDESTE_SUL,80,0.0,0.0
2019,5,MT,MT_NORDESTE_SUL,85,0.0,0.0
2019,5,MT,MT_NORDESTE_SUL,90,0.0,0.0
2019,5,MT,MT_NORDESTE_SUL,95,0.0,0.0
2019,5,MT,MT_NORTE,70,0.0,0.0
2019,5,MT,MT_NORTE,75,0.0,0.0
2019,5,MT,MT_NORTE,80,0.0,0.0
2019,5,MT,MT_NORTE,85,0.0,0.0
2019,5,MT,MT_NORTE,90,0.0,0.0
2019,5,MT,MT_NORTE,95,0.0,0.0
2019,5,MT,MT_OESTE,70,0.0,0.0
2019,5,MT,MT_OESTE,75,0.0,0.0
2019,5,MT,MT_OESTE,80,0.0,0.0
2019,5,MT,MT_OESTE,85,0.0,0.0
2019,5,MT,MT_OESTE,90,0.0,0.0
2019,5,MT,MT_OESTE,95,0.0,0.0
2019,5,MT,MT_SUDESTE,70,0.0,0.0
2019,5,MT,MT_SUDESTE,75,0.0,0.0
2019,5,MT,MT_SUDESTE,80,0.0,0.0
2019,5,MT,MT_SUDESTE,85,0.0,0.0
2019,5,MT,MT_SUDESTE,90,0.0,0.0
2019,5,MT,MT_SUDESTE,95,0.0,0.0
2019,5,PI,PI_OUTROS,70,2.128721650054626,7.335341159623409
2019,5,PI,PI_OUTROS,75,1.9885391533965695,7.850765085912891
2019,5,PI,PI_OUTROS,80,1.838437554874448,8.489381622763881
2019,5,PI,PI_OUTROS,85,1.6725909478445173,9.327566442962917
2019,5,PI,PI_OUTROS,90,1.4790920420771454,10.541671971941234
2019,5,PI,PI_OUTROS,95,1.2245359080831661,12.719070391124735
2019,5,PI,PI_SUL,70,124.92892164013736,430.4913518922266
2019,5,PI,PI_SUL,75,116.70198969726744,460.74018940333013
2019,5,PI,PI_SUL,80,107.89293246832055,498.21886835053107
2019,5,PI,PI_SUL,85,98.15984323451057,547.4096705955831
2019,5,PI,PI_SUL,90,86.80391530685316,618.6622434665818
2019,5,PI,PI_SUL,95,71.86470363681913,746.4478731577882
2019,5,PR,PR,70,38.2892907099901,113.70194235452101
2019,5,PR,PR,75,36.0600667037872,120.696753920147
2019,5,PR,PR,80,33.6518383663959,129.286627063099
2019,5,PR,PR,85,30.9630298823195,140.44299249879
2019,5,PR,PR,90,27.784504723459897,156.39058272520901
2019,5,PR,PR,95,23.524210729537803,184.45138904929001
2019,5,RO,RO,70,0.0,0.0
2019,5,RO,RO,75,0.0,0.0
2019,5,RO,RO,80,0.0,0.0
2019,5,RO,RO,85,0.0,0.0
2019,5,RO,RO,90,0.0,0.0
2019,5,RO,RO,95,0.0,0.0
2019,5,RS,RS,70,877.301253843895,4539.98064396877
2019,5,RS,RS,75,801.467507254447,4969.02193877921
2019,5,RS,RS,80,722.201820406985,5513.631707165
2019,5,RS,RS,85,637.074428066799,6249.15911082706
2019,5,RS,RS,90,541.227344414859,7353.61409963203
2019,5,RS,RS,95,421.361723657033,9439.9477620864
2019,5,SC,SC,70,123.410255452649,411.874746519013
2019,5,SC,SC,75,115.47308942407801,440.009289432715
2019,5,SC,SC,80,106.956878597504,474.79677375316396
2019,5,SC,SC,85,97.52461344512459,520.344722729073
2019,5,SC,SC,90,86.4863110994049,586.119423432951
2019,5,SC,SC,95,71.90224490742091,703.5627796479599
2019,5,SP,SP,70,0.0,0.0
2019,5,SP,SP,75,0.0,0.0
2019,5,SP,SP,80,0.0,0.0
2019,5,SP,SP,85,0.0,0.0
2019,5,SP,SP,90,0.0,0.0
2019,5,SP,SP,95,0.0,0.0
2019,5,TO,TO_CENTRO,70,18.633425094707988,224.152920762393
2019,5,TO,TO_CENTRO,75,16.08811504620355,255.94831874346102
2019,5,TO,TO_CENTRO,80,13.542817424290094,298.14550877141886
2019,5,TO,TO_CENTRO,85,10.94817890082047,358.2131107737002
2019,5,TO,TO_CENTRO,90,8.211451808428912,454.5922261614582
2019,5,TO,TO_CENTRO,95,5.0915421503663145,654.9835656429512
2019,5,TO,TO_LESTE,70,6.357389489079352,76.47694479991179
2019,5,TO,TO_LESTE,75,5.488975482177002,87.32496269777774
2019,5,TO,TO_LESTE,80,4.6205657150039805,101.72188494846003
2019,5,TO,TO_LESTE,85,3.7353217196984225,122.21587033561033
2019,5,TO,TO_LESTE,90,2.801599660376647,155.09869096674137
2019,5,TO,TO_LESTE,95,1.7371426018255904,223.46861162528901
2019,5,TO,TO_NORTE,70,1.7345421449514609,20.8658733432083
2019,5,TO,TO_NORTE,75,1.4976051605452356,23.8256328900095
2019,5,TO,TO_NORTE,80,1.2606693329014231,27.753671032755765
2019,5,TO,TO_NORTE,85,1.0191404756463571,33.345224206129046
2019,5,TO,TO_NORTE,90,0.7643849244336174,42.31693159129917
2019,5,TO,TO_NORTE,95,0.4739598006120389,60.970894673622794
2019,5,TO,TO_SUL,70,6.9589382139063,83.71334406443286
2019,5,TO,TO_SUL,75,6.008353161896311,95.58782279886873
2019,5,TO,TO_SUL,80,5.057772750787197,111.34701021140832
2019,5,TO,TO_SUL,85,4.088765223696851,133.78017689261642
2019,5,TO,TO_SUL,90,3.0666925426155234,169.77443482884715
2019,5,TO,TO_SUL,95,1.9015144589795052,244.61365214749685
2019,6,BA,BA_OESTE NORTE,70,0.0,0.29510650167615693
2019,6,BA,BA_OESTE NORTE,75,0.0,0.33418970696571887
2019,6,BA,BA_OESTE NORTE,80,0.0,0.3814444026990443
2019,6,BA,BA_OESTE NORTE,85,0.0,0.4417010199078953
2019,6,BA,BA_OESTE NORTE,90,0.0,0.5258678089998846
2019,6,BA,BA_OESTE NORTE,95,0.0,0.6691196707559051
2019,6,BA,BA_OESTE SUL,70,0.0,0.06601650000551297
2019,6,BA,BA_OESTE SUL,75,0.0,0.07475956871988922
2019,6,BA,BA_OESTE SUL,80,0.0,0.08533063239832676
2019,6,BA,BA_OESTE SUL,85,0.0,0.0988102777050425
2019,6,BA,BA_OESTE SUL,90,0.0,0.11763872371011487
2019,6,BA,BA_OESTE SUL,95,0.0,0.14968473584028455
2019,6,BA,BA_OUTROS,70,0.0,0.0009680956409540587
2019,6,BA,BA_OUTROS,75,0.0,0.0010963079319758885
2019,6,BA,BA_OUTROS,80,0.0,0.0012513267631239886
2019,6,BA,BA_OUTROS,85,0.0,0.001448998343137297
2019,6,BA,BA_OUTROS,90,0.0,0.0017251071417244267
2019,6,BA,BA_OUTROS,95,0.0,0.002195044273359509
2019,6,GO,GO_LESTE,70,0.0,0.0
2019,6,GO,GO_LESTE,75,0.0,0.0
2019,6,GO,GO_LESTE,80,0.0,0.0
2019,6,GO,GO_LESTE,85,0.0,0.0
2019,6,GO,GO_LESTE,90,0.0,0.0
2019,6,GO,GO_LESTE,95,0.0,0.0
2019,6,GO,GO_NOROESTE,70,0.0,0.0
2019,6,GO,GO_NOROESTE,75,0.0,0.0
2019,6,GO,GO_NOROESTE,80,0.0,0.0
2019,6,GO,GO_NOROESTE,85,0.0,0.0
2019,6,GO,GO_NOROESTE,90,0.0,0.0
2019,6,GO,GO_NOROESTE,95,0.0,0.0
2019,6,GO,GO_SUDOESTE,70,0.0,0.0
2019,6,GO,GO_SUDOESTE,75,0.0,0.0
2019,6,GO,GO_SUDOESTE,80,0.0,0.0
2019,6,GO,GO_SUDOESTE,85,0.0,0.0
2019,6,GO,GO_SUDOESTE,90,0.0,0.0
2019,6,GO,GO_SUDOESTE,95,0.0,0.0
2019,6,MA,MA_OUTROS,70,0.0,0.1752837421133113
2019,6,MA,MA_OUTROS,75,0.0,0.20060770904935057
2019,6,MA,MA_OUTROS,80,0.0,0.23267612290656245
2019,6,MA,MA_OUTROS,85,0.0,0.2758639886031512
2019,6,MA,MA_OUTROS,90,0.0,0.3404833356827207
2019,6,MA,MA_OUTROS,95,0.0,0.4619235097297101
2019,6,MA,MA_SUL,70,0.0,0.8760130271841088
2019,6,MA,MA_SUL,75,0.0,1.0025742511087397
2019,6,MA,MA_SUL,80,0.0,1.1628421000338776
2019,6,MA,MA_SUL,85,0.0,1.378681472872189
2019,6,MA,MA_SUL,90,0.0,1.7016286507869594
2019,6,MA,MA_SUL,95,0.0,2.3085484552483297
2019,6,MG,MG_NOROESTE,70,0.0,5.3772597331287875
2019,6,MG,MG_NOROESTE,75,0.0,6.349474456125257
2019,6,MG,MG_NOROESTE,80,0.0,7.6163313063980125
2019,6,MG,MG_NOROESTE,85,0.0,9.381086961710361
2019,6,MG,MG_NOROESTE,90,0.0,12.136424685456147
2019,6,MG,MG_NOROESTE,95,0.0,17.64328032694074
2019,6,MG,MG_OUTROS,70,0.0,0.4217415166393767
2019,6,MG,MG_OUTROS,75,0.0,0.4979928662347009
2019,6,MG,MG_OUTROS,80,0.0,0.5973531642146049
2019,6,MG,MG_OUTROS,85,0.0,0.7357639465660628
2019,6,MG,MG_OUTROS,90,0.0,0.9518666397848812
2019,6,MG,MG_OUTROS,95,0.0,1.3837724366808921
2019,6,MG,MG_SUL,70,0.0,1.4153152588741065
2019,6,MG,MG_SUL,75,0.0,1.671205879868592
2019,6,MG,MG_SUL,80,0.0,2.004647431883219
2019,6,MG,MG_SUL,85,0.0,2.4691378472819645
2019,6,MG,MG_SUL,90,0.0,3.1943532390071128
2019,6,MG,MG_SUL,95,0.0,4.643778634955981
2019,6,MG,MG_TRIÂNGULO,70,0.0,8.599662706300427
2019,6,MG,MG_TRIÂNGULO,75,0.0,10.154491580263748
2019,6,MG,MG_TRIÂNGULO,80,0.0,12.180531264081065
2019,6,MG,MG_TRIÂNGULO,85,0.0,15.002843026561608
2019,6,MG,MG_TRIÂNGULO,90,0.0,19.409357913721855
2019,6,MG,MG_TRIÂNGULO,95,0.0,28.21627880640118
2019,6,MS,MS_NORTE,70,0.0,0.0
2019,6,MS,MS_NORTE,75,0.0,0.0
2019,6,MS,MS_NORTE,80,0.0,0.0
2019,6,MS,MS_NORTE,85,0.0,0.0
2019,6,MS,MS_NORTE,90,0.0,0.0
2019,6,MS,MS_NORTE,95,0.0,0.0
2019,6,MS,MS_SUL,70,0.0,0.0
2019,6,MS,MS_SUL,75,0.0,0.0
2019,6,MS,MS_SUL,80,0.0,0.0
2019,6,MS,MS_SUL,85,0.0,0.0
2019,6,MS,MS_SUL,90,0.0,0.0
2019,6,MS,MS_SUL,95,0.0,0.0
2019,6,MT,MT_MÉDIO NORTE,70,0.0,0.0
2019,6,MT,MT_MÉDIO NORTE,75,0.0,0.0
2019,6,MT,MT_MÉDIO NORTE,80,0.0,0.0
2019,6,MT,MT_MÉDIO NORTE,85,0.0,0.0
2019,6,MT,MT_MÉDIO NORTE,90,0.0,0.0
2019,6,MT,MT_MÉDIO NORTE,95,0.0,0.0
2019,6,MT,MT_NORDESTE,70,0.0,0.0
2019,6,MT,MT_NORDESTE,75,0.0,0.0
2019,6,MT,MT_NORDESTE,80,0.0,0.0
2019,6,MT,MT_NORDESTE,85,0.0,0.0
2019,6,MT,MT_NORDESTE,90,0.0,0.0
2019,6,MT,MT_NORDESTE,95,0.0,0.0
2019,6,MT,MT_NORDESTE_SUL,70,0.0,0.0
2019,6,MT,MT_NORDESTE_SUL,75,0.0,0.0
2019,6,MT,MT_NORDESTE_SUL,80,0.0,0.0
2019,6,MT,MT_NORDESTE_SUL,85,0.0,0.0
2019,6,MT,MT_NORDESTE_SUL,90,0.0,0.0
2019,6,MT,MT_NORDESTE_SUL,95,0.0,0.0
2019,6,MT,MT_NORTE,70,0.0,0.0
2019,6,MT,MT_NORTE,75,0.0,0.0
2019,6,MT,MT_NORTE,80,0.0,0.0
2019,6,MT,MT_NORTE,85,0.0,0.0
2019,6,MT,MT_NORTE,90,0.0,0.0
2019,6,MT,MT_NORTE,95,0.0,0.0
2019,6,MT,MT_OESTE,70,0.0,0.0
2019,6,MT,MT_OESTE,75,0.0,0.0
2019,6,MT,MT_OESTE,80,0.0,0.0
2019,6,MT,MT_OESTE,85,0.0,0.0
2019,6,MT,MT_OESTE,90,0.0,0.0
2019,6,MT,MT_OESTE,95,0.0,0.0
2019,6,MT,MT_SUDESTE,70,0.0,0.0
2019,6,MT,MT_SUDESTE,75,0.0,0.0
2019,6,MT,MT_SUDESTE,80,0.0,0.0
2019,6,MT,MT_SUDESTE,85,0.0,0.0
2019,6,MT,MT_SUDESTE,90,0.0,0.0
2019,6,MT,MT_SUDESTE,95,0.0,0.0
2019,6,PI,PI_OUTROS,70,0.0,0.01111977847460681
2019,6,PI,PI_OUTROS,75,0.0,0.012593341860918159
2019,6,PI,PI_OUTROS,80,0.0,0.014425292521398809
2019,6,PI,PI_OUTROS,85,0.0,0.016839355400210587
2019,6,PI,PI_OUTROS,90,0.0,0.02035374313684593
2019,6,PI,PI_OUTROS,95,0.0,0.026702374393044365
2019,6,PI,PI_SUL,70,0.0,0.6525897520111151
2019,6,PI,PI_SUL,75,0.0,0.7390692054500098
2019,6,PI,PI_SUL,80,0.0,0.8465814396145432
2019,6,PI,PI_SUL,85,0.0,0.9882562669522095
2019,6,PI,PI_SUL,90,0.0,1.194506187016634
2019,6,PI,PI_SUL,95,0.0,1.5670902008577055
2019,6,PR,PR,70,0.0,0.18673552781251102
2019,6,PR,PR,75,0.0,0.21408716379717202
2019,6,PR,PR,80,0.0,0.247675929006381
2019,6,PR,PR,85,0.0,0.291300384568336
2019,6,PR,PR,90,0.0,0.353659846093951
2019,6,PR,PR,95,0.0,0.463385312292943
2019,6,RO,RO,70,0.0,0.0
2019,6,RO,RO,75,0.0,0.0
2019,6,RO,RO,80,0.0,0.0
2019,6,RO,RO,85,0.0,0.0
2019,6,RO,RO,90,0.0,0.0
2019,6,RO,RO,95,0.0,0.0
2019,6,RS,RS,70,87.1311287700153,455.375134045466
2019,6,RS,RS,75,79.5068407544077,498.510737247737
2019,6,RS,RS,80,71.53750713369351,553.265538599783
2019,6,RS,RS,85,62.9788404924028,627.215106188098
2019,6,RS,RS,90,53.3424212979949,738.256473832928
2019,6,RS,RS,95,41.2911900595476,948.015445987191
2019,6,SC,SC,70,0.0,1.0744665889507399
2019,6,SC,SC,75,0.0,1.21629124464595
2019,6,SC,SC,80,0.0,1.3916530055028102
2019,6,SC,SC,85,0.0,1.6212576662554499
2019,6,SC,SC,90,0.0,1.95282425005943
2019,6,SC,SC,95,0.0,2.5448496335878996
2019,6,SP,SP,70,0.0,0.0
2019,6,SP,SP,75,0.0,0.0
2019,6,SP,SP,80,0.0,0.0
2019,6,SP,SP,85,0.0,0.0
2019,6,SP,SP,90,0.0,0.0
2019,6,SP,SP,95,0.0,0.0
2019,6,TO,TO_CENTRO,70,0.0,26.71161689474838
2019,6,TO,TO_CENTRO,75,0.0,31.361345833016138
2019,6,TO,TO_CENTRO,80,0.0,37.656539377776326
2019,6,TO,TO_CENTRO,85,0.0,46.831518307430315
2019,6,TO,TO_CENTRO,90,0.0,61.99732081990543
2019,6,TO,TO_CENTRO,95,0.0,94.92041049209638
2019,6,TO,TO_LESTE,70,0.0,9.113523231497394
2019,6,TO,TO_LESTE,75,0.0,10.69992711210262
2019,6,TO,TO_LESTE,80,0.0,12.847733920017113
2019,6,TO,TO_LESTE,85,0.0,15.978071703513105
2019,6,TO,TO_LESTE,90,0.0,21.152370738511504
2019,6,TO,TO_LESTE,95,0.0,32.38513675797228
2019,6,TO,TO_NORTE,70,0.0,2.4865222055658056
2019,6,TO,TO_NORTE,75,0.0,2.9193546432434276
2019,6,TO,TO_NORTE,80,0.0,3.50535954886403
2019,6,TO,TO_NORTE,85,0.0,4.359436968964658
2019,6,TO,TO_NORTE,90,0.0,5.771186203804464
2019,6,TO,TO_NORTE,95,0.0,8.835919943746347
2019,6,TO,TO_SUL,70,0.0,9.975862763785816
2019,6,TO,TO_SUL,75,0.0,11.712375306614408
2019,6,TO,TO_SUL,80,0.0,14.063411828343826
2019,6,TO,TO_SUL,85,0.0,17.4899483432805
2019,6,TO,TO_SUL,90,0.0,23.153849752291592
2019,6,TO,TO_SUL,95,0.0,35.44948223398397
2019,7,BA,BA_OESTE NORTE,70,0.0,0.2962325529911655
2019,7,BA,BA_OESTE NORTE,75,0.0,0.3353677401342175
2019,7,BA,BA_OESTE NORTE,80,0.0,0.38268528605222213
2019,7,BA,BA_OESTE NORTE,85,0.0,0.4430220463973475
2019,7,BA,BA_OESTE NORTE,90,0.0,0.527300779882507
2019,7,BA,BA_OESTE NORTE,95,0.0,0.6707431709780426
2019,7,BA,BA_OESTE SUL,70,0.0,0.06626840217039665
2019,7,BA,BA_OESTE SUL,75,0.0,0.07502309943247253
2019,7,BA,BA_OESTE SUL,80,0.0,0.08560822294759159
2019,7,BA,BA_OESTE SUL,85,0.0,0.09910579659314854
2019,7,BA,BA_OESTE SUL,90,0.0,0.11795928500491261
2019,7,BA,BA_OESTE SUL,95,0.0,0.15004791930732084
2019,7,BA,BA_OUTROS,70,0.0,0.0009717896475698352
2019,7,BA,BA_OUTROS,75,0.0,0.0011001724648440066
2019,7,BA,BA_OUTROS,80,0.0,0.0012553974757593279
2019,7,BA,BA_OUTROS,85,0.0,0.001453331964995032
2019,7,BA,BA_OUTROS,90,0.0,0.001729807996694417
2019,7,BA,BA_OUTROS,95,0.0,0.002200370159028623
2019,7,GO,GO_LESTE,70,0.0,0.0
2019,7,GO,GO_LESTE,75,0.0,0.0
2019,7,GO,GO_LESTE,80,0.0,0.0
2019,7,GO,GO_LESTE,85,0.0,0.0
2019,7,GO,GO_LESTE,90,0.0,0.0
2019,7,GO,GO_LESTE,95,0.0,0.0
2019,7,GO,GO_NOROESTE,70,0.0,0.0
2019,7,GO,GO_NOROESTE,75,0.0,0.0
2019,7,GO,GO_NOROESTE,80,0.0,0.0
2019,7,GO,GO_NOROESTE,85,0.0,0.0
2019,7,GO,GO_NOROESTE,90,0.0,0.0
2019,7,GO,GO_NOROESTE,95,0.0,0.0
2019,7,GO,GO_SUDOESTE,70,0.0,0.0
2019,7,GO,GO_SUDOESTE,75,0.0,0.0
2019,7,GO,GO_SUDOESTE,80,0.0,0.0
2019,7,GO,GO_SUDOESTE,85,0.0,0.0
2019,7,GO,GO_SUDOESTE,90,0.0,0.0
2019,7,GO,GO_SUDOESTE,95,0.0,0.0
2019,7,MA,MA_OUTROS,70,0.0,0.1752837421133113
2019,7,MA,MA_OUTROS,75,0.0,0.20060770904935057
2019,7,MA,MA_OUTROS,80,0.0,0.23267612290656084
2019,7,MA,MA_OUTROS,85,0.0,0.2758639886031512
2019,7,MA,MA_OUTROS,90,0.0,0.3404833356827207
2019,7,MA,MA_OUTROS,95,0.0,0.4619235097297101
2019,7,MA,MA_SUL,70,0.0,0.8760130271841088
2019,7,MA,MA_SUL,75,0.0,1.0025742511087397
2019,7,MA,MA_SUL,80,0.0,1.1628421000338693
2019,7,MA,MA_SUL,85,0.0,1.378681472872189
2019,7,MA,MA_SUL,90,0.0,1.7016286507869594
2019,7,MA,MA_SUL,95,0.0,2.3085484552483297
2019,7,MG,MG_NOROESTE,70,0.0,5.397234357574375
2019,7,MG,MG_NOROESTE,75,0.0,6.371873780793159
2019,7,MG,MG_NOROESTE,80,0.0,7.641890167754492
2019,7,MG,MG_NOROESTE,85,0.0,9.411047117686843
2019,7,MG,MG_NOROESTE,90,0.0,12.173256644372131
2019,7,MG,MG_NOROESTE,95,0.0,17.693846365152517
2019,7,MG,MG_OUTROS,70,0.0,0.42330813771145986
2019,7,MG,MG_OUTROS,75,0.0,0.49974965791410186
2019,7,MG,MG_OUTROS,80,0.0,0.5993577601402299
2019,7,MG,MG_OUTROS,85,0.0,0.7381137385135166
2019,7,MG,MG_OUTROS,90,0.0,0.9547553911164052
2019,7,MG,MG_OUTROS,95,0.0,1.387738359605257
2019,7,MG,MG_SUL,70,0.0,1.4205726561677405
2019,7,MG,MG_SUL,75,0.0,1.6771014675032458
2019,7,MG,MG_SUL,80,0.0,2.0113746216178727
2019,7,MG,MG_SUL,85,0.0,2.4770234745375204
2019,7,MG,MG_SUL,90,0.0,3.2040475509903805
2019,7,MG,MG_SUL,95,0.0,4.65708780896166
2019,7,MG,MG_TRIÂNGULO,70,0.0,8.631607421906924
2019,7,MG,MG_TRIÂNGULO,75,0.0,10.190314033809392
2019,7,MG,MG_TRIÂNGULO,80,0.0,12.221406653727703
2019,7,MG,MG_TRIÂNGULO,85,0.0,15.05075725217332
2019,7,MG,MG_TRIÂNGULO,90,0.0,19.46826197251938
2019,7,MG,MG_TRIÂNGULO,95,0.0,28.297147296040265
2019,7,MS,MS_NORTE,70,0.0,0.0
2019,7,MS,MS_NORTE,75,0.0,0.0
2019,7,MS,MS_NORTE,80,0.0,0.0
2019,7,MS,MS_NORTE,85,0.0,0.0
2019,7,MS,MS_NORTE,90,0.0,0.0
2019,7,MS,MS_NORTE,95,0.0,0.0
2019,7,MS,MS_SUL,70,0.0,0.0
2019,7,MS,MS_SUL,75,0.0,0.0
2019,7,MS,MS_SUL,80,0.0,0.0
2019,7,MS,MS_SUL,85,0.0,0.0
2019,7,MS,MS_SUL,90,0.0,0.0
2019,7,MS,MS_SUL,95,0.0,0.0
2019,7,MT,MT_MÉDIO NORTE,70,0.0,0.0
2019,7,MT,MT_MÉDIO NORTE,75,0.0,0.0
2019,7,MT,MT_MÉDIO NORTE,80,0.0,0.0
2019,7,MT,MT_MÉDIO NORTE,85,0.0,0.0
2019,7,MT,MT_MÉDIO NORTE,90,0.0,0.0
2019,7,MT,MT_MÉDIO NORTE,95,0.0,0.0
2019,7,MT,MT_NORDESTE,70,0.0,0.0
2019,7,MT,MT_NORDESTE,75,0.0,0.0
2019,7,MT,MT_NORDESTE,80,0.0,0.0
2019,7,MT,MT_NORDESTE,85,0.0,0.0
2019,7,MT,MT_NORDESTE,90,0.0,0.0
2019,7,MT,MT_NORDESTE,95,0.0,0.0
2019,7,MT,MT_NORDESTE_SUL,70,0.0,0.0
2019,7,MT,MT_NORDESTE_SUL,75,0.0,0.0
2019,7,MT,MT_NORDESTE_SUL,80,0.0,0.0
2019,7,MT,MT_NORDESTE_SUL,85,0.0,0.0
2019,7,MT,MT_NORDESTE_SUL,90,0.0,0.0
2019,7,MT,MT_NORDESTE_SUL,95,0.0,0.0
2019,7,MT,MT_NORTE,70,0.0,0.0
2019,7,MT,MT_NORTE,75,0.0,0.0
2019,7,MT,MT_NORTE,80,0.0,0.0
2019,7,MT,MT_NORTE,85,0.0,0.0
2019,7,MT,MT_NORTE,90,0.0,0.0
2019,7,MT,MT_NORTE,95,0.0,0.0
2019,7,MT,MT_OESTE,70,0.0,0.0
2019,7,MT,MT_OESTE,75,0.0,0.0
2019,7,MT,MT_OESTE,80,0.0,0.0
2019,7,MT,MT_OESTE,85,0.0,0.0
2019,7,MT,MT_OESTE,90,0.0,0.0
2019,7,MT,MT_OESTE,95,0.0,0.0
2019,7,MT,MT_SUDESTE,70,0.0,0.0
2019,7,MT,MT_SUDESTE,75,0.0,0.0
2019,7,MT,MT_SUDESTE,80,0.0,0.0
2019,7,MT,MT_SUDESTE,85,0.0,0.0
2019,7,MT,MT_SUDESTE,90,0.0,0.0
2019,7,MT,MT_SUDESTE,95,0.0,0.0
2019,7,PI,PI_OUTROS,70,0.0,0.01111977847460681
2019,7,PI,PI_OUTROS,75,0.0,0.012593341860918159
2019,7,PI,PI_OUTROS,80,0.0,0.014425292521398809
2019,7,PI,PI_OUTROS,85,0.0,0.016839355400210587
2019,7,PI,PI_OUTROS,90,0.0,0.02035374313684593
2019,7,PI,PI_OUTROS,95,0.0,0.026702374393044365
2019,7,PI,PI_SUL,70,0.0,0.6525897520111151
2019,7,PI,PI_SUL,75,0.0,0.7390692054500098
2019,7,PI,PI_SUL,80,0.0,0.8465814396145432
2019,7,PI,PI_SUL,85,0.0,0.9882562669522095
2019,7,PI,PI_SUL,90,0.0,1.194506187016634
2019,7,PI,PI_SUL,95,0.0,1.5670902008577055
2019,7,PR,PR,70,0.0,0.186239102171917
2019,7,PR,PR,75,0.0,0.21356026800323397
2019,7,PR,PR,80,0.0,0.247111614798892
2019,7,PR,PR,85,0.0,0.290687472030157
2019,7,PR,PR,90,0.0,0.352977464133314
2019,7,PR,PR,95,0.0,0.462580694434508
2019,7,RO,RO,70,0.0,0.0
2019,7,RO,RO,75,0.0,0.0
2019,7,RO,RO,80,0.0,0.0
2019,7,RO,RO,85,0.0,0.0
2019,7,RO,RO,90,0.0,0.0
2019,7,RO,RO,95,0.0,0.0
2019,7,RS,RS,70,0.0,1.5183562817518899
2019,7,RS,RS,75,0.0,1.77444191777189
2019,7,RS,RS,80,0.0,2.0995079209905203
2019,7,RS,RS,85,0.0,2.5385286056082
2019,7,RS,RS,90,0.0,3.19775432976266
2019,7,RS,RS,95,0.0,4.4430425790805
2019,7,SC,SC,70,0.0,1.0744665889507399
2019,7,SC,SC,75,0.0,1.21629124464594
2019,7,SC,SC,80,0.0,1.3916530055028102
2019,7,SC,SC,85,0.0,1.6212576662554499
2019,7,SC,SC,90,0.0,1.95282425005943
2019,7,SC,SC,95,0.0,2.5448496335878996
2019,7,SP,SP,70,0.0,0.0
2019,7,SP,SP,75,0.0,0.0
2019,7,SP,SP,80,0.0,0.0
2019,7,SP,SP,85,0.0,0.0
2019,7,SP,SP,90,0.0,0.0
2019,7,SP,SP,95,0.0,0.0
2019,7,TO,TO_CENTRO,70,0.0,21.377695191537235
2019,7,TO,TO_CENTRO,75,0.0,25.30374464846132
2019,7,TO,TO_CENTRO,80,0.0,30.648650265616304
2019,7,TO,TO_CENTRO,85,0.0,38.489746251140886
2019,7,TO,TO_CENTRO,90,0.0,51.558138960366136
2019,7,TO,TO_CENTRO,95,0.0,80.27013910541899
2019,7,TO,TO_LESTE,70,0.0,7.293685085841748
2019,7,TO,TO_LESTE,75,0.0,8.633182543995241
2019,7,TO,TO_LESTE,80,0.0,10.45676820352451
2019,7,TO,TO_LESTE,85,0.0,13.132009118593512
2019,7,TO,TO_LESTE,90,0.0,17.590709654137314
2019,7,TO,TO_LESTE,95,0.0,27.386727670408753
2019,7,TO,TO_NORTE,70,0.0,1.989999856879701
2019,7,TO,TO_NORTE,75,0.0,2.355466657083421
2019,7,TO,TO_NORTE,80,0.0,2.8530114727370997
2019,7,TO,TO_NORTE,85,0.0,3.5829208361726383
2019,7,TO,TO_NORTE,90,0.0,4.7994270772804715
2019,7,TO,TO_NORTE,95,0.0,7.472160300738716
2019,7,TO,TO_SUL,70,0.0,7.983827945613709
2019,7,TO,TO_SUL,75,0.0,9.450071293608515
2019,7,TO,TO_SUL,80,0.0,11.44620822280388
2019,7,TO,TO_SUL,85,0.0,14.374585706558669
2019,7,TO,TO_SUL,90,0.0,19.255177275544565
2019,7,TO,TO_SUL,95,0.0,29.978113825939552
2019,8,BA,BA_OESTE NORTE,70,0.0,0.2988846760600129
2019,8,BA,BA_OESTE NORTE,75,0.0,0.3381422930346044
2019,8,BA,BA_OESTE NORTE,80,0.0,0.3856078663315111
2019,8,BA,BA_OESTE NORTE,85,0.0,0.4461333831371003
2019,8,BA,BA_OESTE NORTE,90,0.0,0.5306757727306441
2019,8,BA,BA_OESTE NORTE,95,0.0,0.6745669064810529
2019,8,BA,BA_OESTE SUL,70,0.0,0.066861692665844
2019,8,BA,BA_OESTE SUL,75,0.0,0.07564377796894439
2019,8,BA,BA_OESTE SUL,80,0.0,0.08626201579840286
2019,8,BA,BA_OESTE SUL,85,0.0,0.09980181501609214
2019,8,BA,BA_OESTE SUL,90,0.0,0.11871428434959717
2019,8,BA,BA_OESTE SUL,95,0.0,0.15090330417150308
2019,8,BA,BA_OUTROS,70,0.0,0.0009804899261731254
2019,8,BA,BA_OUTROS,75,0.0,0.0011092743739961424
2019,8,BA,BA_OUTROS,80,0.0,0.001264984988107066
2019,8,BA,BA_OUTROS,85,0.0,0.0014635386921196018
2019,8,BA,BA_OUTROS,90,0.0,0.0017408796465766625
2019,8,BA,BA_OUTROS,95,0.0,0.0022129139073079735
2019,8,GO,GO_LESTE,70,0.0,0.0
2019,8,GO,GO_LESTE,75,0.0,0.0
2019,8,GO,GO_LESTE,80,0.0,0.0
2019,8,GO,GO_LESTE,85,0.0,0.0
2019,8,GO,GO_LESTE,90,0.0,0.0
2019,8,GO,GO_LESTE,95,0.0,0.0
2019,8,GO,GO_NOROESTE,70,0.0,0.0
2019,8,GO,GO_NOROESTE,75,0.0,0.0
2019,8,GO,GO_NOROESTE,80,0.0,0.0
2019,8,GO,GO_NOROESTE,85,0.0,0.0
2019,8,GO,GO_NOROESTE,90,0.0,0.0
2019,8,GO,GO_NOROESTE,95,0.0,0.0
2019,8,GO,GO_SUDOESTE,70,0.0,0.0
2019,8,GO,GO_SUDOESTE,75,0.0,0.0
2019,8,GO,GO_SUDOESTE,80,0.0,0.0
2019,8,GO,GO_SUDOESTE,85,0.0,0.0
2019,8,GO,GO_SUDOESTE,90,0.0,0.0
2019,8,GO,GO_SUDOESTE,95,0.0,0.0
2019,8,MA,MA_OUTROS,70,0.0,0.1752837421133113
2019,8,MA,MA_OUTROS,75,0.0,0.20060770904935057
2019,8,MA,MA_OUTROS,80,0.0,0.23267612290656245
2019,8,MA,MA_OUTROS,85,0.0,0.2758639886031512
2019,8,MA,MA_OUTROS,90,0.0,0.3404833356827207
2019,8,MA,MA_OUTROS,95,0.0,0.4619235097297101
2019,8,MA,MA_SUL,70,0.0,0.8760130271841088
2019,8,MA,MA_SUL,75,0.0,1.0025742511087397
2019,8,MA,MA_SUL,80,0.0,1.1628421000338776
2019,8,MA,MA_SUL,85,0.0,1.378681472872189
2019,8,MA,MA_SUL,90,0.0,1.7016286507869594
2019,8,MA,MA_SUL,95,0.0,2.3085484552483297
2019,8,MG,MG_NOROESTE,70,0.0,5.4640431994499865
2019,8,MG,MG_NOROESTE,75,0.0,6.446792482966229
2019,8,MG,MG_NOROESTE,80,0.0,7.72737652728722
2019,8,MG,MG_NOROESTE,85,0.0,9.5112544246453
2019,8,MG,MG_NOROESTE,90,0.0,12.296447972744176
2019,8,MG,MG_NOROESTE,95,0.0,17.862973872924513
2019,8,MG,MG_OUTROS,70,0.0,0.4285479928971692
2019,8,MG,MG_OUTROS,75,0.0,0.5056255740214199
2019,8,MG,MG_OUTROS,80,0.0,0.6060625035803118
2019,8,MG,MG_OUTROS,85,0.0,0.7459730541710136
2019,8,MG,MG_OUTROS,90,0.0,0.964417356549162
2019,8,MG,MG_OUTROS,95,0.0,1.4010031255219477
2019,8,MG,MG_SUL,70,0.0,1.438156998012289
2019,8,MG,MG_SUL,75,0.0,1.6968203554913652
2019,8,MG,MG_SUL,80,0.0,2.0338749573049997
2019,8,MG,MG_SUL,85,0.0,2.5033984197006145
2019,8,MG,MG_SUL,90,0.0,3.2364719782003486
2019,8,MG,MG_SUL,95,0.0,4.701602813689873
2019,8,MG,MG_TRIÂNGULO,70,0.0,8.738452457193054
2019,8,MG,MG_TRIÂNGULO,75,0.0,10.310128883948183
2019,8,MG,MG_TRIÂNGULO,80,0.0,12.358121987272366
2019,8,MG,MG_TRIÂNGULO,85,0.0,15.21101528011277
2019,8,MG,MG_TRIÂNGULO,90,0.0,19.665277538982313
2019,8,MG,MG_TRIÂNGULO,95,0.0,28.56762698148966
2019,8,MS,MS_NORTE,70,0.0,0.0
2019,8,MS,MS_NORTE,75,0.0,0.0
2019,8,MS,MS_NORTE,80,0.0,0.0
2019,8,MS,MS_NORTE,85,0.0,0.0
2019,8,MS,MS_NORTE,90,0.0,0.0
2019,8,MS,MS_NORTE,95,0.0,0.0
2019,8,MS,MS_SUL,70,0.0,0.0
2019,8,MS,MS_SUL,75,0.0,0.0
2019,8,MS,MS_SUL,80,0.0,0.0
2019,8,MS,MS_SUL,85,0.0,0.0
2019,8,MS,MS_SUL,90,0.0,0.0
2019,8,MS,MS_SUL,95,0.0,0.0
2019,8,MT,MT_MÉDIO NORTE,70,0.0,0.0
2019,8,MT,MT_MÉDIO NORTE,75,0.0,0.0
2019,8,MT,MT_MÉDIO NORTE,80,0.0,0.0
2019,8,MT,MT_MÉDIO NORTE,85,0.0,0.0
2019,8,MT,MT_MÉDIO NORTE,90,0.0,0.0
2019,8,MT,MT_MÉDIO NORTE,95,0.0,0.0
2019,8,MT,MT_NORDESTE,70,0.0,0.0
2019,8,MT,MT_NORDESTE,75,0.0,0.0
2019,8,MT,MT_NORDESTE,80,0.0,0.0
2019,8,MT,MT_NORDESTE,85,0.0,0.0
2019,8,MT,MT_NORDESTE,90,0.0,0.0
2019,8,MT,MT_NORDESTE,95,0.0,0.0
2019,8,MT,MT_NORDESTE_SUL,70,0.0,0.0
2019,8,MT,MT_NORDESTE_SUL,75,0.0,0.0
2019,8,MT,MT_NORDESTE_SUL,80,0.0,0.0
2019,8,MT,MT_NORDESTE_SUL,85,0.0,0.0
2019,8,MT,MT_NORDESTE_SUL,90,0.0,0.0
2019,8,MT,MT_NORDESTE_SUL,95,0.0,0.0
2019,8,MT,MT_NORTE,70,0.0,0.0
2019,8,MT,MT_NORTE,75,0.0,0.0
2019,8,MT,MT_NORTE,80,0.0,0.0
2019,8,MT,MT_NORTE,85,0.0,0.0
2019,8,MT,MT_NORTE,90,0.0,0.0
2019,8,MT,MT_NORTE,95,0.0,0.0
2019,8,MT,MT_OESTE,70,0.0,0.0
2019,8,MT,MT_OESTE,75,0.0,0.0
2019,8,MT,MT_OESTE,80,0.0,0.0
2019,8,MT,MT_OESTE,85,0.0,0.0
2019,8,MT,MT_OESTE,90,0.0,0.0
2019,8,MT,MT_OESTE,95,0.0,0.0
2019,8,MT,MT_SUDESTE,70,0.0,0.0
2019,8,MT,MT_SUDESTE,75,0.0,0.0
2019,8,MT,MT_SUDESTE,80,0.0,0.0
2019,8,MT,MT_SUDESTE,85,0.0,0.0
2019,8,MT,MT_SUDESTE,90,0.0,0.0
2019,8,MT,MT_SUDESTE,95,0.0,0.0
2019,8,PI,PI_OUTROS,70,0.0,0.01111977847460681
2019,8,PI,PI_OUTROS,75,0.0,0.012593341860918159
2019,8,PI,PI_OUTROS,80,0.0,0.014425292521398809
2019,8,PI,PI_OUTROS,85,0.0,0.016839355400210587
2019,8,PI,PI_OUTROS,90,0.0,0.02035374313684593
2019,8,PI,PI_OUTROS,95,0.0,0.026702374393044365
2019,8,PI,PI_SUL,70,0.0,0.6525897520111151
2019,8,PI,PI_SUL,75,0.0,0.7390692054500098
2019,8,PI,PI_SUL,80,0.0,0.8465814396145432
2019,8,PI,PI_SUL,85,0.0,0.9882562669522095
2019,8,PI,PI_SUL,90,0.0,1.194506187016634
2019,8,PI,PI_SUL,95,0.0,1.5670902008577055
2019,8,PR,PR,70,0.0,0.18630343631945104
2019,8,PR,PR,75,0.0,0.21362855092210603
2019,8,PR,PR,80,0.0,0.247184746947016
2019,8,PR,PR,85,0.0,0.29076690226589097
2019,8,PR,PR,90,0.0,0.35306589724019
2019,8,PR,PR,95,0.0,0.4626849686697221
2019,8,RO,RO,70,0.0,0.0
2019,8,RO,RO,75,0.0,0.0
2019,8,RO,RO,80,0.0,0.0
2019,8,RO,RO,85,0.0,0.0
2019,8,RO,RO,90,0.0,0.0
2019,8,RO,RO,95,0.0,0.0
2019,8,RS,RS,70,0.0,1.5183562817518899
2019,8,RS,RS,75,0.0,1.77444191777189
2019,8,RS,RS,80,0.0,2.0995079209905203
2019,8,RS,RS,85,0.0,2.5385286056082
2019,8,RS,RS,90,0.0,3.19775432976266
2019,8,RS,RS,95,0.0,4.4430425790805
2019,8,SC,SC,70,0.0,1.0744665889507399
2019,8,SC,SC,75,0.0,1.21629124464594
2019,8,SC,SC,80,0.0,1.3916530055028102
2019,8,SC,SC,85,0.0,1.6212576662554499
2019,8,SC,SC,90,0.0,1.95282425005943
2019,8,SC,SC,95,0.0,2.5448496335878996
2019,8,SP,SP,70,0.0,0.0
2019,8,SP,SP,75,0.0,0.0
2019,8,SP,SP,80,0.0,0.0
2019,8,SP,SP,85,0.0,0.0
2019,8,SP,SP,90,0.0,0.0
2019,8,SP,SP,95,0.0,0.0
2019,8,TO,TO_CENTRO,70,0.0,18.57341245665387
2019,8,TO,TO_CENTRO,75,0.0,22.065058014251992
2019,8,TO,TO_CENTRO,80,0.0,26.82629710810378
2019,8,TO,TO_CENTRO,85,0.0,33.82457064404616
2019,8,TO,TO_CENTRO,90,0.0,45.51658108020808
2019,8,TO,TO_CENTRO,95,0.0,71.29521124192847
2019,8,TO,TO_LESTE,70,0.0,6.336914256402697
2019,8,TO,TO_LESTE,75,0.0,7.528200917584983
2019,8,TO,TO_LESTE,80,0.0,9.152650057579308
2019,8,TO,TO_LESTE,85,0.0,11.540335112418632
2019,8,TO,TO_LESTE,90,0.0,15.529438772924516
2019,8,TO,TO_LESTE,95,0.0,24.324643712435584
2019,8,TO,TO_NORTE,70,0.0,1.7289557082440115
2019,8,TO,TO_NORTE,75,0.0,2.053984861183078
2019,8,TO,TO_NORTE,80,0.0,2.497197519537656
2019,8,TO,TO_NORTE,85,0.0,3.1486505040690957
2019,8,TO,TO_NORTE,90,0.0,4.237032524962017
2019,8,TO,TO_NORTE,95,0.0,6.636705168469732
2019,8,TO,TO_SUL,70,0.0,6.936525574354018
2019,8,TO,TO_SUL,75,0.0,8.240534127622443
2019,8,TO,TO_SUL,80,0.0,10.018691847276456
2019,8,TO,TO_SUL,85,0.0,12.63230436849081
2019,8,TO,TO_SUL,90,0.0,16.998864880476678
2019,8,TO,TO_SUL,95,0.0,26.62628944803522
2019,9,BA,BA_OESTE NORTE,70,0.0,0.2997885155670633
2019,9,BA,BA_OESTE NORTE,75,0.0,0.3390878564419854
2019,9,BA,BA_OESTE NORTE,80,0.0,0.38660387724442036
2019,9,BA,BA_OESTE NORTE,85,0.0,0.44719372196457
2019,9,BA,BA_OESTE NORTE,90,0.0,0.5318259651587375
2019,9,BA,BA_OESTE NORTE,95,0.0,0.6758700297232311
2019,9,BA,BA_OESTE SUL,70,0.0,0.06706388516408877
2019,9,BA,BA_OESTE SUL,75,0.0,0.07585530426990363
2019,9,BA,BA_OESTE SUL,80,0.0,0.08648482740731048
2019,9,BA,BA_OESTE SUL,85,0.0,0.10003901703574239
2019,9,BA,BA_OESTE SUL,90,0.0,0.11897158697764597
2019,9,BA,BA_OESTE SUL,95,0.0,0.1511948180318749
2019,9,BA,BA_OUTROS,70,0.0,0.0009834549678849403
2019,9,BA,BA_OUTROS,75,0.0,0.0011123762907879848
2019,9,BA,BA_OUTROS,80,0.0,0.0012682523977291971
2019,9,BA,BA_OUTROS,85,0.0,0.0014670171291956316
2019,9,BA,BA_OUTROS,90,0.0,0.001744652848012656
2019,9,BA,BA_OUTROS,95,0.0,0.0022171887976381193
2019,9,GO,GO_LESTE,70,0.0,0.0
2019,9,GO,GO_LESTE,75,0.0,0.0
2019,9,GO,GO_LESTE,80,0.0,0.0
2019,9,GO,GO_LESTE,85,0.0,0.0
2019,9,GO,GO_LESTE,90,0.0,0.0
2019,9,GO,GO_LESTE,95,0.0,0.0
2019,9,GO,GO_NOROESTE,70,0.0,0.0
2019,9,GO,GO_NOROESTE,75,0.0,0.0
2019,9,GO,GO_NOROESTE,80,0.0,0.0
2019,9,GO,GO_NOROESTE,85,0.0,0.0
2019,9,GO,GO_NOROESTE,90,0.0,0.0
2019,9,GO,GO_NOROESTE,95,0.0,0.0
2019,9,GO,GO_SUDOESTE,70,0.0,0.0
2019,9,GO,GO_SUDOESTE,75,0.0,0.0
2019,9,GO,GO_SUDOESTE,80,0.0,0.0
2019,9,GO,GO_SUDOESTE,85,0.0,0.0
2019,9,GO,GO_SUDOESTE,90,0.0,0.0
2019,9,GO,GO_SUDOESTE,95,0.0,0.0
2019,9,MA,MA_OUTROS,70,0.0,0.1752837421133113
2019,9,MA,MA_OUTROS,75,0.0,0.20060770904935057
2019,9,MA,MA_OUTROS,80,0.0,0.23267612290656245
2019,9,MA,MA_OUTROS,85,0.0,0.2758639886031512
2019,9,MA,MA_OUTROS,90,0.0,0.3404833356827207
2019,9,MA,MA_OUTROS,95,0.0,0.4619235097297101
2019,9,MA,MA_SUL,70,0.0,0.8760130271841088
2019,9,MA,MA_SUL,75,0.0,1.0025742511087397
2019,9,MA,MA_SUL,80,0.0,1.1628421000338776
2019,9,MA,MA_SUL,85,0.0,1.378681472872189
2019,9,MA,MA_SUL,90,0.0,1.7016286507869594
2019,9,MA,MA_SUL,95,0.0,2.3085484552483297
2019,9,MG,MG_NOROESTE,70,0.0,3.525857555311178
2019,9,MG,MG_NOROESTE,75,0.0,4.273332369711266
2019,9,MG,MG_NOROESTE,80,0.0,5.2473390028452895
2019,9,MG,MG_NOROESTE,85,0.0,6.604148743239363
2019,9,MG,MG_NOROESTE,90,0.0,8.72255479588454
2019,9,MG,MG_NOROESTE,95,0.0,12.956430092341849
2019,9,MG,MG_OUTROS,70,0.0,0.27653499861092296
2019,9,MG,MG_OUTROS,75,0.0,0.335159870296525
2019,9,MG,MG_OUTROS,80,0.0,0.41155176041557306
2019,9,MG,MG_OUTROS,85,0.0,0.5179671143512335
2019,9,MG,MG_OUTROS,90,0.0,0.684114897021343
2019,9,MG,MG_OUTROS,95,0.0,1.0161801267867898
2019,9,MG,MG_SUL,70,0.0,0.9280191484715375
2019,9,MG,MG_SUL,75,0.0,1.124757368856697
2019,9,MG,MG_SUL,80,0.0,1.381119627429815
2019,9,MG,MG_SUL,85,0.0,1.7382371230080695
2019,9,MG,MG_SUL,90,0.0,2.2958096710343963
2019,9,MG,MG_SUL,95,0.0,3.410181787807623
2019,9,MG,MG_TRIÂNGULO,70,0.0,5.63878020236426
2019,9,MG,MG_TRIÂNGULO,75,0.0,6.834190430680511
2019,9,MG,MG_TRIÂNGULO,80,0.0,8.391885043616423
2019,9,MG,MG_TRIÂNGULO,85,0.0,10.56178322653773
2019,9,MG,MG_TRIÂNGULO,90,0.0,13.94967565351072
2019,9,MG,MG_TRIÂNGULO,95,0.0,20.720763772195532
2019,9,MS,MS_NORTE,70,0.0,0.0
2019,9,MS,MS_NORTE,75,0.0,0.0
2019,9,MS,MS_NORTE,80,0.0,0.0
2019,9,MS,MS_NORTE,85,0.0,0.0
2019,9,MS,MS_NORTE,90,0.0,0.0
2019,9,MS,MS_NORTE,95,0.0,0.0
2019,9,MS,MS_SUL,70,0.0,0.0
2019,9,MS,MS_SUL,75,0.0,0.0
2019,9,MS,MS_SUL,80,0.0,0.0
2019,9,MS,MS_SUL,85,0.0,0.0
2019,9,MS,MS_SUL,90,0.0,0.0
2019,9,MS,MS_SUL,95,0.0,0.0
2019,9,MT,MT_MÉDIO NORTE,70,0.0,0.0
2019,9,MT,MT_MÉDIO NORTE,75,0.0,0.0
2019,9,MT,MT_MÉDIO NORTE,80,0.0,0.0
2019,9,MT,MT_MÉDIO NORTE,85,0.0,0.0
2019,9,MT,MT_MÉDIO NORTE,90,0.0,0.0
2019,9,MT,MT_MÉDIO NORTE,95,0.0,0.0
2019,9,MT,MT_NORDESTE,70,0.0,0.0
2019,9,MT,MT_NORDESTE,75,0.0,0.0
2019,9,MT,MT_NORDESTE,80,0.0,0.0
2019,9,MT,MT_NORDESTE,85,0.0,0.0
2019,9,MT,MT_NORDESTE,90,0.0,0.0
2019,9,MT,MT_NORDESTE,95,0.0,0.0
2019,9,MT,MT_NORDESTE_SUL,70,0.0,0.0
2019,9,MT,MT_NORDESTE_SUL,75,0.0,0.0
2019,9,MT,MT_NORDESTE_SUL,80,0.0,0.0
2019,9,MT,MT_NORDESTE_SUL,85,0.0,0.0
2019,9,MT,MT_NORDESTE_SUL,90,0.0,0.0
2019,9,MT,MT_NORDESTE_SUL,95,0.0,0.0
2019,9,MT,MT_NORTE,70,0.0,0.0
2019,9,MT,MT_NORTE,75,0.0,0.0
2019,9,MT,MT_NORTE,80,0.0,0.0
2019,9,MT,MT_NORTE,85,0.0,0.0
2019,9,MT,MT_NORTE,90,0.0,0.0
2019,9,MT,MT_NORTE,95,0.0,0.0
2019,9,MT,MT_OESTE,70,0.0,0.0
2019,9,MT,MT_OESTE,75,0.0,0.0
2019,9,MT,MT_OESTE,80,0.0,0.0
2019,9,MT,MT_OESTE,85,0.0,0.0
2019,9,MT,MT_OESTE,90,0.0,0.0
2019,9,MT,MT_OESTE,95,0.0,0.0
2019,9,MT,MT_SUDESTE,70,0.0,0.0
2019,9,MT,MT_SUDESTE,75,0.0,0.0
2019,9,MT,MT_SUDESTE,80,0.0,0.0
2019,9,MT,MT_SUDESTE,85,0.0,0.0
2019,9,MT,MT_SUDESTE,90,0.0,0.0
2019,9,MT,MT_SUDESTE,95,0.0,0.0
2019,9,PI,PI_OUTROS,70,0.0,0.01111977847460681
2019,9,PI,PI_OUTROS,75,0.0,0.012593341860918159
2019,9,PI,PI_OUTROS,80,0.0,0.014425292521398809
2019,9,PI,PI_OUTROS,85,0.0,0.016839355400210587
2019,9,PI,PI_OUTROS,90,0.0,0.02035374313684593
2019,9,PI,PI_OUTROS,95,0.0,0.026702374393044365
2019,9,PI,PI_SUL,70,0.0,0.6525897520111151
2019,9,PI,PI_SUL,75,0.0,0.7390692054500098
2019,9,PI,PI_SUL,80,0.0,0.8465814396145432
2019,9,PI,PI_SUL,85,0.0,0.9882562669522095
2019,9,PI,PI_SUL,90,0.0,1.194506187016634
2019,9,PI,PI_SUL,95,0.0,1.5670902008577055
2019,9,PR,PR,70,0.0,0.18610306687302802
2019,9,PR,PR,75,0.0,0.21341588298169104
2019,9,PR,PR,80,0.0,0.24695697602602198
2019,9,PR,PR,85,0.0,0.290519515878206
2019,9,PR,PR,90,0.0,0.35279047130623
2019,9,PR,PR,95,0.0,0.462360205358375
2019,9,RO,RO,70,0.0,0.0
2019,9,RO,RO,75,0.0,0.0
2019,9,RO,RO,80,0.0,0.0
2019,9,RO,RO,85,0.0,0.0
2019,9,RO,RO,90,0.0,0.0
2019,9,RO,RO,95,0.0,0.0
2019,9,RS,RS,70,0.0,1.5286975269414398
2019,9,RS,RS,75,0.0,1.7857601839656099
2019,9,RS,RS,80,0.0,2.11206638291651
2019,9,RS,RS,85,0.0,2.5527620245400002
2019,9,RS,RS,90,0.0,3.2145028346204
2019,9,RS,RS,95,0.0,4.46454212267179
2019,9,SC,SC,70,0.0,1.0770415754651501
2019,9,SC,SC,75,0.0,1.21904169567568
2019,9,SC,SC,80,0.0,1.3946204129300501
2019,9,SC,SC,85,0.0,1.6245091390331
2019,9,SC,SC,90,0.0,1.95648593479664
2019,9,SC,SC,95,0.0,2.54924376816943
2019,9,SP,SP,70,0.0,0.0
2019,9,SP,SP,75,0.0,0.0
2019,9,SP,SP,80,0.0,0.0
2019,9,SP,SP,85,0.0,0.0
2019,9,SP,SP,90,0.0,0.0
2019,9,SP,SP,95,0.0,0.0
2019,9,TO,TO_CENTRO,70,0.0,17.00567065253029
2019,9,TO,TO_CENTRO,75,0.0,20.241243445167196
2019,9,TO,TO_CENTRO,80,0.0,24.655392845432324
2019,9,TO,TO_CENTRO,85,0.0,31.147138933411703
2019,9,TO,TO_CENTRO,90,0.0,42.00057472251159
2019,9,TO,TO_CENTRO,95,0.0,65.95493023940419
2019,9,TO,TO_LESTE,70,0.0,5.8020289512874195
2019,9,TO,TO_LESTE,75,0.0,6.905948190960803
2019,9,TO,TO_LESTE,80,0.0,8.411976570490522
2019,9,TO,TO_LESTE,85,0.0,10.62684357082602
2019,9,TO,TO_LESTE,90,0.0,14.329840644918296
2019,9,TO,TO_LESTE,95,0.0,22.502635888236902
2019,9,TO,TO_NORTE,70,0.0,1.5830182749576915
2019,9,TO,TO_NORTE,75,0.0,1.8842102105981722
2019,9,TO,TO_NORTE,80,0.0,2.295113097746203
2019,9,TO,TO_NORTE,85,0.0,2.899414621845601
2019,9,TO,TO_NORTE,90,0.0,3.9097356818779243
2019,9,TO,TO_NORTE,95,0.0,6.1395908474213305
2019,9,TO,TO_SUL,70,0.0,6.351028367329398
2019,9,TO,TO_SUL,75,0.0,7.5594026214514285
2019,9,TO,TO_SUL,80,0.0,9.207934374860555
2019,9,TO,TO_SUL,85,0.0,11.632376456603573
2019,9,TO,TO_SUL,90,0.0,15.685758413010289
2019,9,TO,TO_SUL,95,0.0,24.631879652059574
2019,10,BA,BA_OESTE NORTE,70,0.0,0.28669041194572925
2019,10,BA,BA_OESTE NORTE,75,0.0,0.3253851056839132
2019,10,BA,BA_OESTE NORTE,80,0.0,0.3721700601303299
2019,10,BA,BA_OESTE NORTE,85,0.0,0.4318276888053816
2019,10,BA,BA_OESTE NORTE,90,0.0,0.5151578072721676
2019,10,BA,BA_OESTE NORTE,95,0.0,0.6569856557560877
2019,10,BA,BA_OESTE SUL,70,0.0,0.0641337872066439
2019,10,BA,BA_OESTE SUL,75,0.0,0.0727899443393098
2019,10,BA,BA_OESTE SUL,80,0.0,0.08325592502061353
2019,10,BA,BA_OESTE SUL,85,0.0,0.09660157420619922
2019,10,BA,BA_OESTE SUL,90,0.0,0.1152428536594687
2019,10,BA,BA_OESTE SUL,95,0.0,0.14697030834799776
2019,10,BA,BA_OUTROS,70,0.0,0.0009404866938938335
2019,10,BA,BA_OUTROS,75,0.0,0.0010674244744009406
2019,10,BA,BA_OUTROS,80,0.0,0.0012209023212276192
2019,10,BA,BA_OUTROS,85,0.0,0.0014166089218681961
2019,10,BA,BA_OUTROS,90,0.0,0.0016899730259786775
2019,10,BA,BA_OUTROS,95,0.0,0.002155238688047515
2019,10,GO,GO_LESTE,70,0.0,0.0
2019,10,GO,GO_LESTE,75,0.0,0.0
2019,10,GO,GO_LESTE,80,0.0,0.0
2019,10,GO,GO_LESTE,85,0.0,0.0
2019,10,GO,GO_LESTE,90,0.0,0.0
2019,10,GO,GO_LESTE,95,0.0,0.0
2019,10,GO,GO_NOROESTE,70,0.0,0.0
2019,10,GO,GO_NOROESTE,75,0.0,0.0
2019,10,GO,GO_NOROESTE,80,0.0,0.0
2019,10,GO,GO_NOROESTE,85,0.0,0.0
2019,10,GO,GO_NOROESTE,90,0.0,0.0
2019,10,GO,GO_NOROESTE,95,0.0,0.0
2019,10,GO,GO_SUDOESTE,70,0.0,0.0
2019,10,GO,GO_SUDOESTE,75,0.0,0.0
2019,10,GO,GO_SUDOESTE,80,0.0,0.0
2019,10,GO,GO_SUDOESTE,85,0.0,0.0
2019,10,GO,GO_SUDOESTE,90,0.0,0.0
2019,10,GO,GO_SUDOESTE,95,0.0,0.0
2019,10,MA,MA_OUTROS,70,0.0,0.16709969022002866
2019,10,MA,MA_OUTROS,75,0.0,0.19167032515914045
2019,10,MA,MA_OUTROS,80,0.0,0.22278477464298507
2019,10,MA,MA_OUTROS,85,0.0,0.2646878968714447
2019,10,MA,MA_OUTROS,90,0.0,0.32738496132055356
2019,10,MA,MA_OUTROS,95,0.0,0.44521255882876537
2019,10,MA,MA_SUL,70,0.0,0.8351117091997415
2019,10,MA,MA_SUL,75,0.0,0.9579080166800596
2019,10,MA,MA_SUL,80,0.0,1.113408251629915
2019,10,MA,MA_SUL,85,0.0,1.3228268805868957
2019,10,MA,MA_SUL,90,0.0,1.6361670943536466
2019,10,MA,MA_SUL,95,0.0,2.2250323772061447
2019,10,MG,MG_NOROESTE,70,0.0,5.398965103239607
2019,10,MG,MG_NOROESTE,75,0.0,6.373814619990341
2019,10,MG,MG_NOROESTE,80,0.0,7.644104772020123
2019,10,MG,MG_NOROESTE,85,0.0,9.413643081892701
2019,10,MG,MG_NOROESTE,90,0.0,12.176448031194445
2019,10,MG,MG_NOROESTE,95,0.0,17.69822777175577
2019,10,MG,MG_OUTROS,70,0.0,0.42344388107108877
2019,10,MG,MG_OUTROS,75,0.0,0.49990187902805144
2019,10,MG,MG_OUTROS,80,0.0,0.5995314528030539
2019,10,MG,MG_OUTROS,85,0.0,0.738317341451752
2019,10,MG,MG_OUTROS,90,0.0,0.9550056933865994
2019,10,MG,MG_OUTROS,95,0.0,1.3880819957987043
2019,10,MG,MG_SUL,70,0.0,1.4210281950241106
2019,10,MG,MG_SUL,75,0.0,1.6776123037780626
2019,10,MG,MG_SUL,80,0.0,2.0119575139022468
2019,10,MG,MG_SUL,85,0.0,2.477706742211835
2019,10,MG,MG_SUL,90,0.0,3.2048875361669875
2019,10,MG,MG_SUL,95,0.0,4.658241011880744
2019,10,MG,MG_TRIÂNGULO,70,0.0,8.634375342686294
2019,10,MG,MG_TRIÂNGULO,75,0.0,10.193417949798443
2019,10,MG,MG_TRIÂNGULO,80,0.0,12.224948392579376
2019,10,MG,MG_TRIÂNGULO,85,0.0,15.054908886588608
2019,10,MG,MG_TRIÂNGULO,90,0.0,19.473365845421064
2019,10,MG,MG_TRIÂNGULO,95,0.0,28.30415432579838
2019,10,MS,MS_NORTE,70,0.0,0.0
2019,10,MS,MS_NORTE,75,0.0,0.0
2019,10,MS,MS_NORTE,80,0.0,0.0
2019,10,MS,MS_NORTE,85,0.0,0.0
2019,10,MS,MS_NORTE,90,0.0,0.0
2019,10,MS,MS_NORTE,95,0.0,0.0
2019,10,MS,MS_SUL,70,0.0,0.0
2019,10,MS,MS_SUL,75,0.0,0.0
2019,10,MS,MS_SUL,80,0.0,0.0
2019,10,MS,MS_SUL,85,0.0,0.0
2019,10,MS,MS_SUL,90,0.0,0.0
2019,10,MS,MS_SUL,95,0.0,0.0
2019,10,MT,MT_MÉDIO NORTE,70,0.0,0.0
2019,10,MT,MT_MÉDIO NORTE,75,0.0,0.0
2019,10,MT,MT_MÉDIO NORTE,80,0.0,0.0
2019,10,MT,MT_MÉDIO NORTE,85,0.0,0.0
2019,10,MT,MT_MÉDIO NORTE,90,0.0,0.0
2019,10,MT,MT_MÉDIO NORTE,95,0.0,0.0
2019,10,MT,MT_NORDESTE,70,0.0,0.0
2019,10,MT,MT_NORDESTE,75,0.0,0.0
2019,10,MT,MT_NORDESTE,80,0.0,0.0
2019,10,MT,MT_NORDESTE,85,0.0,0.0
2019,10,MT,MT_NORDESTE,90,0.0,0.0
2019,10,MT,MT_NORDESTE,95,0.0,0.0
2019,10,MT,MT_NORDESTE_SUL,70,0.0,0.0
2019,10,MT,MT_NORDESTE_SUL,75,0.0,0.0
2019,10,MT,MT_NORDESTE_SUL,80,0.0,0.0
2019,10,MT,MT_NORDESTE_SUL,85,0.0,0.0
2019,10,MT,MT_NORDESTE_SUL,90,0.0,0.0
2019,10,MT,MT_NORDESTE_SUL,95,0.0,0.0
2019,10,MT,MT_NORTE,70,0.0,0.0
2019,10,MT,MT_NORTE,75,0.0,0.0
2019,10,MT,MT_NORTE,80,0.0,0.0
2019,10,MT,MT_NORTE,85,0.0,0.0
2019,10,MT,MT_NORTE,90,0.0,0.0
2019,10,MT,MT_NORTE,95,0.0,0.0
2019,10,MT,MT_OESTE,70,0.0,0.0
2019,10,MT,MT_OESTE,75,0.0,0.0
2019,10,MT,MT_OESTE,80,0.0,0.0
2019,10,MT,MT_OESTE,85,0.0,0.0
2019,10,MT,MT_OESTE,90,0.0,0.0
2019,10,MT,MT_OESTE,95,0.0,0.0
2019,10,MT,MT_SUDESTE,70,0.0,0.0
2019,10,MT,MT_SUDESTE,75,0.0,0.0
2019,10,MT,MT_SUDESTE,80,0.0,0.0
2019,10,MT,MT_SUDESTE,85,0.0,0.0
2019,10,MT,MT_SUDESTE,90,0.0,0.0
2019,10,MT,MT_SUDESTE,95,0.0,0.0
2019,10,PI,PI_OUTROS,70,0.0,0.011015312892034126
2019,10,PI,PI_OUTROS,75,0.0,0.012481193319690099
2019,10,PI,PI_OUTROS,80,0.0,0.014303592439114608
2019,10,PI,PI_OUTROS,85,0.0,0.016705068723103397
2019,10,PI,PI_OUTROS,90,0.0,0.02020113292107711
2019,10,PI,PI_OUTROS,95,0.0,0.026516663279199174
2019,10,PI,PI_SUL,70,0.0,0.6464589492455308
2019,10,PI,PI_SUL,75,0.0,0.7324875106010019
2019,10,PI,PI_SUL,80,0.0,0.8394391906300924
2019,10,PI,PI_SUL,85,0.0,0.9803753447277336
2019,10,PI,PI_SUL,90,0.0,1.1855499058199928
2019,10,PI,PI_SUL,95,0.0,1.5561913173946311
2019,10,PR,PR,70,0.0,0.18641487443960397
2019,10,PR,PR,75,0.0,0.21374682901250103
2019,10,PR,PR,80,0.0,0.24731142475999698
2019,10,PR,PR,85,0.0,0.290904489480345
2019,10,PR,PR,90,0.0,0.35321907901949606
2019,10,PR,PR,95,0.0,0.46286559008459904
2019,10,RO,RO,70,0.0,0.0
2019,10,RO,RO,75,0.0,0.0
2019,10,RO,RO,80,0.0,0.0
2019,10,RO,RO,85,0.0,0.0
2019,10,RO,RO,90,0.0,0.0
2019,10,RO,RO,95,0.0,0.0
2019,10,RS,RS,70,0.0,1.5201067823772099
2019,10,RS,RS,75,0.0,1.77635780233767
2019,10,RS,RS,80,0.0,2.10163373805139
2019,10,RS,RS,85,0.0,2.54093794880468
2019,10,RS,RS,90,0.0,3.20058941080844
2019,10,RS,RS,95,0.0,4.44668188593483
2019,10,SC,SC,70,0.0,1.07524643199677
2019,10,SC,SC,75,0.0,1.21712422769148
2019,10,SC,SC,80,0.0,1.3925516944993999
2019,10,SC,SC,85,0.0,1.6222423853678798
2019,10,SC,SC,90,0.0,1.9539332031988201
2019,10,SC,SC,95,0.0,2.54618041154637
2019,10,SP,SP,70,0.0,0.0
2019,10,SP,SP,75,0.0,0.0
2019,10,SP,SP,80,0.0,0.0
2019,10,SP,SP,85,0.0,0.0
2019,10,SP,SP,90,0.0,0.0
2019,10,SP,SP,95,0.0,0.0
2019,10,TO,TO_CENTRO,70,0.0,16.015949738167105
2019,10,TO,TO_CENTRO,75,0.0,19.085252294164675
2019,10,TO,TO_CENTRO,80,0.0,23.273009756538997
2019,10,TO,TO_CENTRO,85,0.0,29.43257934088935
2019,10,TO,TO_CENTRO,90,0.0,39.73228181631788
2019,10,TO,TO_CENTRO,95,0.0,62.469722661309554
2019,10,TO,TO_LESTE,70,0.0,5.464353977088419
2019,10,TO,TO_LESTE,75,0.0,6.511544802668043
2019,10,TO,TO_LESTE,80,0.0,7.940332325026092
2019,10,TO,TO_LESTE,85,0.0,10.04186667707193
2019,10,TO,TO_LESTE,90,0.0,13.555939904356936
2019,10,TO,TO_LESTE,95,0.0,21.313545749863405
2019,10,TO,TO_NORTE,70,0.0,1.4908874600926136
2019,10,TO,TO_NORTE,75,0.0,1.7766016866465404
2019,10,TO,TO_NORTE,80,0.0,2.1664302755615337
2019,10,TO,TO_NORTE,85,0.0,2.739810262574827
2019,10,TO,TO_NORTE,90,0.0,3.6985855780784447
2019,10,TO,TO_NORTE,95,0.0,5.815160991000235
2019,10,TO,TO_SUL,70,0.0,5.981401921463559
2019,10,TO,TO_SUL,75,0.0,7.127680007130047
2019,10,TO,TO_SUL,80,0.0,8.691662221208581
2019,10,TO,TO_SUL,85,0.0,10.992047896085085
2019,10,TO,TO_SUL,90,0.0,14.83862965890233
2019,10,TO,TO_SUL,95,0.0,23.330275460917782
2019,11,BA,BA_OESTE NORTE,70,0.0,0.29451957938886186
2019,11,BA,BA_OESTE NORTE,75,0.0,0.33357569061269066
2019,11,BA,BA_OESTE NORTE,80,0.0,0.3807976274711246
2019,11,BA,BA_OESTE NORTE,85,0.0,0.44101247234489144
2019,11,BA,BA_OESTE NORTE,90,0.0,0.5251209135992522
2019,11,BA,BA_OESTE NORTE,95,0.0,0.6682734673448347
2019,11,BA,BA_OESTE SUL,70,0.0,0.06588520315179278
2019,11,BA,BA_OESTE SUL,75,0.0,0.07462221081573313
2019,11,BA,BA_OESTE SUL,80,0.0,0.08518594620335983
2019,11,BA,BA_OESTE SUL,85,0.0,0.09865624687231377
2019,11,BA,BA_OESTE SUL,90,0.0,0.11747164023367532
2019,11,BA,BA_OESTE SUL,95,0.0,0.14949543676630858
2019,11,BA,BA_OUTROS,70,0.0,0.0009661702448523738
2019,11,BA,BA_OUTROS,75,0.0,0.0010942936539052094
2019,11,BA,BA_OUTROS,80,0.0,0.0012492050197016318
2019,11,BA,BA_OUTROS,85,0.0,0.0014467395657449063
2019,11,BA,BA_OUTROS,90,0.0,0.0017226569544954297
2019,11,BA,BA_OUTROS,95,0.0,0.0021922683066188083
2019,11,GO,GO_LESTE,70,0.0,0.0
2019,11,GO,GO_LESTE,75,0.0,0.0
2019,11,GO,GO_LESTE,80,0.0,0.0
2019,11,GO,GO_LESTE,85,0.0,0.0
2019,11,GO,GO_LESTE,90,0.0,0.0
2019,11,GO,GO_LESTE,95,0.0,0.0
2019,11,GO,GO_NOROESTE,70,0.0,0.0
2019,11,GO,GO_NOROESTE,75,0.0,0.0
2019,11,GO,GO_NOROESTE,80,0.0,0.0
2019,11,GO,GO_NOROESTE,85,0.0,0.0
2019,11,GO,GO_NOROESTE,90,0.0,0.0
2019,11,GO,GO_NOROESTE,95,0.0,0.0
2019,11,GO,GO_SUDOESTE,70,0.0,0.0
2019,11,GO,GO_SUDOESTE,75,0.0,0.0
2019,11,GO,GO_SUDOESTE,80,0.0,0.0
2019,11,GO,GO_SUDOESTE,85,0.0,0.0
2019,11,GO,GO_SUDOESTE,90,0.0,0.0
2019,11,GO,GO_SUDOESTE,95,0.0,0.0
2019,11,MA,MA_OUTROS,70,0.0,0.17255400894121234
2019,11,MA,MA_OUTROS,75,0.0,0.19762670726746825
2019,11,MA,MA_OUTROS,80,0.0,0.22937693299135192
2019,11,MA,MA_OUTROS,85,0.0,0.2721362815049702
2019,11,MA,MA_OUTROS,90,0.0,0.33611446468053147
2019,11,MA,MA_OUTROS,95,0.0,0.4563496891324743
2019,11,MA,MA_SUL,70,0.0,0.8623706791222476
2019,11,MA,MA_SUL,75,0.0,0.9876761415436219
2019,11,MA,MA_SUL,80,0.0,1.1463537862288782
2019,11,MA,MA_SUL,85,0.0,1.3600515649288598
2019,11,MA,MA_SUL,90,0.0,1.6797944072577986
2019,11,MA,MA_SUL,95,0.0,2.280692252525266
2019,11,MG,MG_NOROESTE,70,0.0,4.741228837335547
2019,11,MG,MG_NOROESTE,75,0.0,5.63623638887154
2019,11,MG,MG_NOROESTE,80,0.0,6.802487445237572
2019,11,MG,MG_NOROESTE,85,0.0,8.427097318715248
2019,11,MG,MG_NOROESTE,90,0.0,10.96362347024678
2019,11,MG,MG_NOROESTE,95,0.0,16.033159312243342
2019,11,MG,MG_OUTROS,70,0.0,0.3718572544065637
2019,11,MG,MG_OUTROS,75,0.0,0.44205320195638687
2019,11,MG,MG_OUTROS,80,0.0,0.5335229307224728
2019,11,MG,MG_OUTROS,85,0.0,0.660942000284343
2019,11,MG,MG_OUTROS,90,0.0,0.8598831783627741
2019,11,MG,MG_OUTROS,95,0.0,1.2574897364929472
2019,11,MG,MG_SUL,70,0.0,1.2479095026697726
2019,11,MG,MG_SUL,75,0.0,1.4834789018364736
2019,11,MG,MG_SUL,80,0.0,1.7904406254042646
2019,11,MG,MG_SUL,85,0.0,2.2180441368144534
2019,11,MG,MG_SUL,90,0.0,2.8856674886637683
2019,11,MG,MG_SUL,95,0.0,4.219988646405598
2019,11,MG,MG_TRIÂNGULO,70,0.0,7.582480824437815
2019,11,MG,MG_TRIÂNGULO,75,0.0,9.0138349796746
2019,11,MG,MG_TRIÂNGULO,80,0.0,10.878979349366189
2019,11,MG,MG_TRIÂNGULO,85,0.0,13.477160883198152
2019,11,MG,MG_TRIÂNGULO,90,0.0,17.533738104955173
2019,11,MG,MG_TRIÂNGULO,95,0.0,25.641268795741507
2019,11,MS,MS_NORTE,70,0.0,0.0
2019,11,MS,MS_NORTE,75,0.0,0.0
2019,11,MS,MS_NORTE,80,0.0,0.0
2019,11,MS,MS_NORTE,85,0.0,0.0
2019,11,MS,MS_NORTE,90,0.0,0.0
2019,11,MS,MS_NORTE,95,0.0,0.0
2019,11,MS,MS_SUL,70,0.0,0.0
2019,11,MS,MS_SUL,75,0.0,0.0
2019,11,MS,MS_SUL,80,0.0,0.0
2019,11,MS,MS_SUL,85,0.0,0.0
2019,11,MS,MS_SUL,90,0.0,0.0
2019,11,MS,MS_SUL,95,0.0,0.0
2019,11,MT,MT_MÉDIO NORTE,70,0.0,0.0
2019,11,MT,MT_MÉDIO NORTE,75,0.0,0.0
2019,11,MT,MT_MÉDIO NORTE,80,0.0,0.0
2019,11,MT,MT_MÉDIO NORTE,85,0.0,0.0
2019,11,MT,MT_MÉDIO NORTE,90,0.0,0.0
2019,11,MT,MT_MÉDIO NORTE,95,0.0,0.0
2019,11,MT,MT_NORDESTE,70,0.0,0.0
2019,11,MT,MT_NORDESTE,75,0.0,0.0
2019,11,MT,MT_NORDESTE,80,0.0,0.0
2019,11,MT,MT_NORDESTE,85,0.0,0.0
2019,11,MT,MT_NORDESTE,90,0.0,0.0
2019,11,MT,MT_NORDESTE,95,0.0,0.0
2019,11,MT,MT_NORDESTE_SUL,70,0.0,0.0
2019,11,MT,MT_NORDESTE_SUL,75,0.0,0.0
2019,11,MT,MT_NORDESTE_SUL,80,0.0,0.0
2019,11,MT,MT_NORDESTE_SUL,85,0.0,0.0
2019,11,MT,MT_NORDESTE_SUL,90,0.0,0.0
2019,11,MT,MT_NORDESTE_SUL,95,0.0,0.0
2019,11,MT,MT_NORTE,70,0.0,0.0
2019,11,MT,MT_NORTE,75,0.0,0.0
2019,11,MT,MT_NORTE,80,0.0,0.0
2019,11,MT,MT_NORTE,85,0.0,0.0
2019,11,MT,MT_NORTE,90,0.0,0.0
2019,11,MT,MT_NORTE,95,0.0,0.0
2019,11,MT,MT_OESTE,70,0.0,0.0
2019,11,MT,MT_OESTE,75,0.0,0.0
2019,11,MT,MT_OESTE,80,0.0,0.0
2019,11,MT,MT_OESTE,85,0.0,0.0
2019,11,MT,MT_OESTE,90,0.0,0.0
2019,11,MT,MT_OESTE,95,0.0,0.0
2019,11,MT,MT_SUDESTE,70,0.0,0.0
2019,11,MT,MT_SUDESTE,75,0.0,0.0
2019,11,MT,MT_SUDESTE,80,0.0,0.0
2019,11,MT,MT_SUDESTE,85,0.0,0.0
2019,11,MT,MT_SUDESTE,90,0.0,0.0
2019,11,MT,MT_SUDESTE,95,0.0,0.0
2019,11,PI,PI_OUTROS,70,0.0,0.011097160977763362
2019,11,PI,PI_OUTROS,75,0.0,0.012569060952175234
2019,11,PI,PI_OUTROS,80,0.0,0.014398943640177617
2019,11,PI,PI_OUTROS,85,0.0,0.01681028143708509
2019,11,PI,PI_OUTROS,90,0.0,0.020320702005131325
2019,11,PI,PI_OUTROS,95,0.0,0.026662166695659812
2019,11,PI,PI_SUL,70,0.0,0.6512623922359286
2019,11,PI,PI_SUL,75,0.0,0.7376442245251349
2019,11,PI,PI_SUL,80,0.0,0.8450350949727704
2019,11,PI,PI_SUL,85,0.0,0.9865499946168949
2019,11,PI,PI_SUL,90,0.0,1.1925670922764788
2019,11,PI,PI_SUL,95,0.0,1.5647305197431
2019,11,PR,PR,70,0.0,0.195843255025699
2019,11,PR,PR,75,0.0,0.223753915005311
2019,11,PR,PR,80,0.0,0.258029181223939
2019,11,PR,PR,85,0.0,0.30254525136571303
2019,11,PR,PR,90,0.0,0.366179241234884
2019,11,PR,PR,95,0.0,0.47814732167811497
2019,11,RO,RO,70,0.0,0.0
2019,11,RO,RO,75,0.0,0.0
2019,11,RO,RO,80,0.0,0.0
2019,11,RO,RO,85,0.0,0.0
2019,11,RO,RO,90,0.0,0.0
2019,11,RO,RO,95,0.0,0.0
2019,11,RS,RS,70,0.0,1.5160414022455702
2019,11,RS,RS,75,0.0,1.7719083328912801
2019,11,RS,RS,80,0.0,2.09669671928217
2019,11,RS,RS,85,0.0,2.535342466107
2019,11,RS,RS,90,0.0,3.19400519027839
2019,11,RS,RS,95,0.0,4.43822992335651
2019,11,SC,SC,70,0.0,1.07475246283074
2019,11,SC,SC,75,0.0,1.2165965985199199
2019,11,SC,SC,80,0.0,1.3919824457814398
2019,11,SC,SC,85,0.0,1.6216186433454098
2019,11,SC,SC,90,0.0,1.9532307687022599
2019,11,SC,SC,95,0.0,2.5453374684930696
2019,11,SP,SP,70,0.0,0.0
2019,11,SP,SP,75,0.0,0.0
2019,11,SP,SP,80,0.0,0.0
2019,11,SP,SP,85,0.0,0.0
2019,11,SP,SP,90,0.0,0.0
2019,11,SP,SP,95,0.0,0.0
2019,11,TO,TO_CENTRO,70,0.0,15.250538862927591
2019,11,TO,TO_CENTRO,75,0.0,18.187890898022804
2019,11,TO,TO_CENTRO,80,0.0,22.195255797154946
2019,11,TO,TO_CENTRO,85,0.0,28.08887005521103
2019,11,TO,TO_CENTRO,90,0.0,37.94253807531323
2019,11,TO,TO_CENTRO,95,0.0,59.691094375923726
2019,11,TO,TO_LESTE,70,0.0,5.203209553648163
2019,11,TO,TO_LESTE,75,0.0,6.2053812348461435
2019,11,TO,TO_LESTE,80,0.0,7.572622059287146
2019,11,TO,TO_LESTE,85,0.0,9.583417237651595
2019,11,TO,TO_LESTE,90,0.0,12.945311531453022
2019,11,TO,TO_LESTE,95,0.0,20.36552775715484
2019,11,TO,TO_NORTE,70,0.0,1.4196371443530678
2019,11,TO,TO_NORTE,75,0.0,1.6930684042280215
2019,11,TO,TO_NORTE,80,0.0,2.066104669563801
2019,11,TO,TO_NORTE,85,0.0,2.6147274946604298
2019,11,TO,TO_NORTE,90,0.0,3.5319825015288027
2019,11,TO,TO_NORTE,95,0.0,5.55650495531924
2019,11,TO,TO_SUL,70,0.0,5.695547497922475
2019,11,TO,TO_SUL,75,0.0,6.792546639026428
2019,11,TO,TO_SUL,80,0.0,8.289158485313212
2019,11,TO,TO_SUL,85,0.0,10.490219067034044
2019,11,TO,TO_SUL,90,0.0,14.17022242571394
2019,11,TO,TO_SUL,95,0.0,22.292554137053173
2019,12,BA,BA_OESTE NORTE,70,0.0,0.23733111572917887
2019,12,BA,BA_OESTE NORTE,75,0.0,0.2737472386153123
2019,12,BA,BA_OESTE NORTE,80,0.0,0.3177772201386338
2019,12,BA,BA_OESTE NORTE,85,0.0,0.3739218572205441
2019,12,BA,BA_OESTE NORTE,90,0.0,0.45234500884786905
2019,12,BA,BA_OESTE NORTE,95,0.0,0.585821200545173
2019,12,BA,BA_OESTE SUL,70,0.0,0.05309191601626312
2019,12,BA,BA_OESTE SUL,75,0.0,0.061238347772454495
2019,12,BA,BA_OESTE SUL,80,0.0,0.07108803003620497
2019,12,BA,BA_OESTE SUL,85,0.0,0.0836478090081195
2019,12,BA,BA_OESTE SUL,90,0.0,0.10119138043210324
2019,12,BA,BA_OESTE SUL,95,0.0,0.13105053622796775
2019,12,BA,BA_OUTROS,70,0.0,0.0007785637296880493
2019,12,BA,BA_OUTROS,75,0.0,0.000898026668072241
2019,12,BA,BA_OUTROS,80,0.0,0.001042466837780163
2019,12,BA,BA_OUTROS,85,0.0,0.00122664908423433
2019,12,BA,BA_OUTROS,90,0.0,0.0014839159042097385
2019,12,BA,BA_OUTROS,95,0.0,0.0019217839912202674
2019,12,GO,GO_LESTE,70,0.0,0.0
2019,12,GO,GO_LESTE,75,0.0,0.0
2019,12,GO,GO_LESTE,80,0.0,0.0
2019,12,GO,GO_LESTE,85,0.0,0.0
2019,12,GO,GO_LESTE,90,0.0,0.0
2019,12,GO,GO_LESTE,95,0.0,0.0
2019,12,GO,GO_NOROESTE,70,0.0,0.0
2019,12,GO,GO_NOROESTE,75,0.0,0.0
2019,12,GO,GO_NOROESTE,80,0.0,0.0
2019,12,GO,GO_NOROESTE,85,0.0,0.0
2019,12,GO,GO_NOROESTE,90,0.0,0.0
2019,12,GO,GO_NOROESTE,95,0.0,0.0
2019,12,GO,GO_SUDOESTE,70,0.0,0.0
2019,12,GO,GO_SUDOESTE,75,0.0,0.0
2019,12,GO,GO_SUDOESTE,80,0.0,0.0
2019,12,GO,GO_SUDOESTE,85,0.0,0.0
2019,12,GO,GO_SUDOESTE,90,0.0,0.0
2019,12,GO,GO_SUDOESTE,95,0.0,0.0
2019,12,MA,MA_OUTROS,70,0.0,0.1736064784482931
2019,12,MA,MA_OUTROS,75,0.0,0.198776055309267
2019,12,MA,MA_OUTROS,80,0.0,0.2306489609021092
2019,12,MA,MA_OUTROS,85,0.0,0.2735735274937967
2019,12,MA,MA_OUTROS,90,0.0,0.33779891631748077
2019,12,MA,MA_OUTROS,95,0.0,0.45849871830371114
2019,12,MA,MA_SUL,70,0.0,0.8676305907820568
2019,12,MA,MA_SUL,75,0.0,0.993420221657643
2019,12,MA,MA_SUL,80,0.0,1.152710981752721
2019,12,MA,MA_SUL,85,0.0,1.3672344684560234
2019,12,MA,MA_SUL,90,0.0,1.6882127668833895
2019,12,MA,MA_SUL,95,0.0,2.291432424586319
2019,12,MG,MG_NOROESTE,70,0.0,5.434634535301616
2019,12,MG,MG_NOROESTE,75,0.0,6.413813929697158
2019,12,MG,MG_NOROESTE,80,0.0,7.6897461842639805
2019,12,MG,MG_NOROESTE,85,0.0,9.467144050137634
2019,12,MG,MG_NOROESTE,90,0.0,12.242220234313505
2019,12,MG,MG_NOROESTE,95,0.0,17.788525432647994
2019,12,MG,MG_OUTROS,70,0.0,0.4262414547651428
2019,12,MG,MG_OUTROS,75,0.0,0.5030390474702507
2019,12,MG,MG_OUTROS,80,0.0,0.6031111345325223
2019,12,MG,MG_OUTROS,85,0.0,0.7425134525955529
2019,12,MG,MG_OUTROS,90,0.0,0.9601642444093906
2019,12,MG,MG_OUTROS,95,0.0,1.3951640923206658
2019,12,MG,MG_SUL,70,0.0,1.4304165255080765
2019,12,MG,MG_SUL,75,0.0,1.6881402745628304
2019,12,MG,MG_SUL,80,0.0,2.0239705075814096
2019,12,MG,MG_SUL,85,0.0,2.4917884009896483
2019,12,MG,MG_SUL,90,0.0,3.222199030739337
2019,12,MG,MG_SUL,95,0.0,4.682007700425476
2019,12,MG,MG_TRIÂNGULO,70,0.0,8.691420213100262
2019,12,MG,MG_TRIÂNGULO,75,0.0,10.257387441516359
2019,12,MG,MG_TRIÂNGULO,80,0.0,12.297941100801786
2019,12,MG,MG_TRIÂNGULO,85,0.0,15.140471106790162
2019,12,MG,MG_TRIÂNGULO,90,0.0,19.578553020738166
2019,12,MG,MG_TRIÂNGULO,95,0.0,28.448564204692065
2019,12,MS,MS_NORTE,70,0.0,0.0
2019,12,MS,MS_NORTE,75,0.0,0.0
2019,12,MS,MS_NORTE,80,0.0,0.0
2019,12,MS,MS_NORTE,85,0.0,0.0
2019,12,MS,MS_NORTE,90,0.0,0.0
2019,12,MS,MS_NORTE,95,0.0,0.0
2019,12,MS,MS_SUL,70,0.0,0.0
2019,12,MS,MS_SUL,75,0.0,0.0
2019,12,MS,MS_SUL,80,0.0,0.0
2019,12,MS,MS_SUL,85,0.0,0.0
2019,12,MS,MS_SUL,90,0.0,0.0
2019,12,MS,MS_SUL,95,0.0,0.0
2019,12,MT,MT_MÉDIO NORTE,70,0.0,0.0
2019,12,MT,MT_MÉDIO NORTE,75,0.0,0.0
2019,12,MT,MT_MÉDIO NORTE,80,0.0,0.0
2019,12,MT,MT_MÉDIO NORTE,85,0.0,0.0
2019,12,MT,MT_MÉDIO NORTE,90,0.0,0.0
2019,12,MT,MT_MÉDIO NORTE,95,0.0,0.0
2019,12,MT,MT_NORDESTE,70,0.0,0.0
2019,12,MT,MT_NORDESTE,75,0.0,0.0
2019,12,MT,MT_NORDESTE,80,0.0,0.0
2019,12,MT,MT_NORDESTE,85,0.0,0.0
2019,12,MT,MT_NORDESTE,90,0.0,0.0
2019,12,MT,MT_NORDESTE,95,0.0,0.0
2019,12,MT,MT_NORDESTE_SUL,70,0.0,0.0
2019,12,MT,MT_NORDESTE_SUL,75,0.0,0.0
2019,12,MT,MT_NORDESTE_SUL,80,0.0,0.0
2019,12,MT,MT_NORDESTE_SUL,85,0.0,0.0
2019,12,MT,MT_NORDESTE_SUL,90,0.0,0.0
2019,12,MT,MT_NORDESTE_SUL,95,0.0,0.0
2019,12,MT,MT_NORTE,70,0.0,0.0
2019,12,MT,MT_NORTE,75,0.0,0.0
2019,12,MT,MT_NORTE,80,0.0,0.0
2019,12,MT,MT_NORTE,85,0.0,0.0
2019,12,MT,MT_NORTE,90,0.0,0.0
2019,12,MT,MT_NORTE,95,0.0,0.0
2019,12,MT,MT_OESTE,70,0.0,0.0
2019,12,MT,MT_OESTE,75,0.0,0.0
2019,12,MT,MT_OESTE,80,0.0,0.0
2019,12,MT,MT_OESTE,85,0.0,0.0
2019,12,MT,MT_OESTE,90,0.0,0.0
2019,12,MT,MT_OESTE,95,0.0,0.0
2019,12,MT,MT_SUDESTE,70,0.0,0.0
2019,12,MT,MT_SUDESTE,75,0.0,0.0
2019,12,MT,MT_SUDESTE,80,0.0,0.0
2019,12,MT,MT_SUDESTE,85,0.0,0.0
2019,12,MT,MT_SUDESTE,90,0.0,0.0
2019,12,MT,MT_SUDESTE,95,0.0,0.0
2019,12,PI,PI_OUTROS,70,0.0,0.011100847038454478
2019,12,PI,PI_OUTROS,75,0.0,0.01257301810551901
2019,12,PI,PI_OUTROS,80,0.0,0.014403237818971883
2019,12,PI,PI_OUTROS,85,0.0,0.016815019732987435
2019,12,PI,PI_OUTROS,90,0.0,0.020326086845799014
2019,12,PI,PI_OUTROS,95,0.0,0.026668719499174598
2019,12,PI,PI_SUL,70,0.0,0.6514787171778155
2019,12,PI,PI_SUL,75,0.0,0.737876459162289
2019,12,PI,PI_SUL,80,0.0,0.8452871087229401
2019,12,PI,PI_SUL,85,0.0,0.9868280724000924
2019,12,PI,PI_SUL,90,0.0,1.192883114024931
2019,12,PI,PI_SUL,95,0.0,1.5651150860751055
2019,12,PR,PR,70,0.0,0.166872160332851
2019,12,PR,PR,75,0.0,0.193004600926418
2019,12,PR,PR,80,0.0,0.225096151571987
2019,12,PR,PR,85,0.0,0.266776053060834
2019,12,PR,PR,90,0.0,0.326355850213693
2019,12,PR,PR,95,0.0,0.431190318932661
2019,12,RO,RO,70,0.0,0.0
2019,12,RO,RO,75,0.0,0.0
2019,12,RO,RO,80,0.0,0.0
2019,12,RO,RO,85,0.0,0.0
2019,12,RO,RO,90,0.0,0.0
2019,12,RO,RO,95,0.0,0.0
2019,12,RS,RS,70,0.0,1.51154349517836
2019,12,RS,RS,75,0.0,1.7669854721943101
2019,12,RS,RS,80,0.0,2.09123443755353
2019,12,RS,RS,85,0.0,2.52915166466767
2019,12,RS,RS,90,0.0,3.1867204564785405
2019,12,RS,RS,95,0.0,4.42887873331231
2019,12,SC,SC,70,0.0,1.07319029896525
2019,12,SC,SC,75,0.0,1.2149279858152
2019,12,SC,SC,80,0.0,1.39018221240893
2019,12,SC,SC,85,0.0,1.6196460764001297
2019,12,SC,SC,90,0.0,1.9510093389777698
2019,12,SC,SC,95,0.0,2.54267168433267
2019,12,SP,SP,70,0.0,0.0
2019,12,SP,SP,75,0.0,0.0
2019,12,SP,SP,80,0.0,0.0
2019,12,SP,SP,85,0.0,0.0
2019,12,SP,SP,90,0.0,0.0
2019,12,SP,SP,95,0.0,0.0
2019,12,TO,TO_CENTRO,70,0.0,15.60213308755753
2019,12,TO,TO_CENTRO,75,0.0,18.591055652221424
2019,12,TO,TO_CENTRO,80,0.0,22.667017391470687
2019,12,TO,TO_CENTRO,85,0.0,28.658458337672496
2019,12,TO,TO_CENTRO,90,0.0,38.669234710130844
2019,12,TO,TO_CENTRO,95,0.0,60.74388780142519
2019,12,TO,TO_LESTE,70,0.0,5.323167179083231
2019,12,TO,TO_LESTE,75,0.0,6.34293379738804
2019,12,TO,TO_LESTE,80,0.0,7.733578629848401
2019,12,TO,TO_LESTE,85,0.0,9.777750514631988
2019,12,TO,TO_LESTE,90,0.0,13.193247352401523
2019,12,TO,TO_LESTE,95,0.0,20.72472193768989
2019,12,TO,TO_NORTE,70,0.0,1.4523662318634127
2019,12,TO,TO_NORTE,75,0.0,1.7305980722285177
2019,12,TO,TO_NORTE,80,0.0,2.1100198576492457
2019,12,TO,TO_NORTE,85,0.0,2.667749141307697
2019,12,TO,TO_NORTE,90,0.0,3.599628998792665
2019,12,TO,TO_NORTE,95,0.0,5.654507043350749
2019,12,TO,TO_SUL,70,0.0,5.8268557503307195
2019,12,TO,TO_SUL,75,0.0,6.943114696172815
2019,12,TO,TO_SUL,80,0.0,8.465345083850567
2019,12,TO,TO_SUL,85,0.0,10.70294054174242
2019,12,TO,TO_SUL,90,0.0,14.441618422759356
2019,12,TO,TO_SUL,95,0.0,22.68573597897617
